"","Gene","test.type","p_value","log2.mean.Cluster_Other","log2.mean.6","log2fold_change","Auc"
"176","Klra10__chr6","hurdle",1.21723948851334e-10,-3.321928,6.082504,9.404432,1
"175","Kif21a__chr15","hurdle",1.21723948851334e-10,-3.321928,3.636141,6.958069,1
"173","Jph4__chr14","hurdle",1.21723948851334e-10,-3.321928,2.148392,5.47032,1
"172","Itpripl1__chr2","hurdle",1.21723948851334e-10,-3.321928,2.758445,6.080373,1
"170","Inpp1__chr1","hurdle",1.21723948851334e-10,-3.321928,4.095924,7.417852,1
"158","Gtpbp4__chr13","hurdle",1.21723948851334e-10,-3.321928,3.237768,6.559696,1
"156","Gtf2h1__chr7","hurdle",1.21723948851334e-10,-3.321928,4.255501,7.577429,1
"130","Gcdh__chr8","hurdle",1.21723948851334e-10,-3.321928,4.687434,8.009362,1
"127","Fundc2__chrX","hurdle",1.21723948851334e-10,-3.321928,3.596935,6.918863,1
"123","Fnd3c2__chrX","hurdle",1.21723948851334e-10,-3.321928,3.916477,7.238405,1
"122","Fcrl5__chr3","hurdle",1.21723948851334e-10,-3.321928,3.237768,6.559696,1
"120","Fbxo30__chr10","hurdle",1.21723948851334e-10,-3.321928,3.472488,6.794416,1
"118","Fam57b__chr7","hurdle",1.21723948851334e-10,-3.321928,2.608809,5.930737,1
"117","Fam3c__chr6","hurdle",2.18784447050372e-31,-0.6083197,4.9432962,5.5516159,1
"115","Fabp1__chr6","hurdle",1.21723948851334e-10,-3.321928,4.230101,7.552029,1
"106","Eif2s3x__chrX","hurdle",1.21723948851334e-10,-3.321928,3.851333,7.173261,1
"104","E030025P04Rik__chr11","hurdle",1.21723948851334e-10,-3.321928,5.200326,8.522254,1
"103","E030019B13Rik__chr12","hurdle",1.21723948851334e-10,-3.321928,2.685566,6.007494,1
"100","Dnlz__chr2","hurdle",1.21723948851334e-10,-3.321928,3.017922,6.33985,1
"99","Dmrtc1c1__chrX","hurdle",1.21723948851334e-10,-3.321928,4.067524,7.389452,1
"96","Dhrs13__chr11","hurdle",1.21723948851334e-10,-3.321928,3.851333,7.173261,1
"94","Defb42__chr14","hurdle",1.21723948851334e-10,-3.321928,3.747745,7.069673,1
"91","Cyp4f39__chr17","hurdle",1.21723948851334e-10,-3.321928,4.974223,8.296151,1
"87","Cxx1c__chrX","hurdle",1.21723948851334e-10,-3.321928,3.947978,7.269906,1
"74","Cmbl__chr15","hurdle",1.21723948851334e-10,-3.321928,4.421784,7.743712,1
"73","Clec16a__chr16","hurdle",1.21723948851334e-10,-3.321928,4.067524,7.389452,1
"71","Ces5a__chr8","hurdle",1.21723948851334e-10,-3.321928,4.038553,7.360481,1
"65","Cd40lg__chrX","hurdle",1.21723948851334e-10,-3.321928,3.916477,7.238405,1
"64","Cd3d__chr9","hurdle",1.21723948851334e-10,-3.321928,5.971927,9.293855,1
"57","Cask__chrX","hurdle",1.21723948851334e-10,-3.321928,2.827819,6.149747,1
"48","B930059L03Rik__chr12","hurdle",1.21723948851334e-10,-3.321928,4.895626,8.217554,1
"46","B3galt4__chr17","hurdle",1.21723948851334e-10,-3.321928,4.508851,7.830779,1
"42","Ascc2__chr11","hurdle",1.21723948851334e-10,-3.321928,3.711495,7.033423,1
"40","Arl4a__chr12","hurdle",1.21723948851334e-10,-3.321928,4.590961,7.912889,1
"27","Accsl__chr2","hurdle",1.21723948851334e-10,-3.321928,3.783107,7.105035,1
"25","Aaed1__chr13","hurdle",1.21723948851334e-10,-3.321928,4.879379,8.201307,1
"22","9130008F23Rik__chr17","hurdle",1.21723948851334e-10,-3.321928,4.444049,7.765977,1
"20","8030423J24Rik__chr13","hurdle",1.21723948851334e-10,-3.321928,2.894009,6.215937,1
"17","4933427D06Rik__chr6","hurdle",5.27173727350599e-15,-0.3213311,3.4284998,3.7498309,1
"5","2310042D19Rik__chr4","hurdle",1.21723948851334e-10,-3.321928,3.017922,6.33985,1
"2","1700008P02Rik__chr3","hurdle",1.21723948851334e-10,-3.321928,2.827819,6.149747,1
"1","1700007K09Rik__chr7","hurdle",1.21723948851334e-10,-3.321928,2.827819,6.149747,1
"174","Kansl2__chr15","hurdle",1.55155504862225e-08,-2.880853,3.287866,6.168719,0.998
"128","Fzd4__chr7","hurdle",0.00160804091112357,3.808992,5.843816,2.034824,0.973
"78","Crygd__chr1","hurdle",0.0209055419533354,1.878069,3.237768,1.359699,0.955
"246","Sall4__chr2","hurdle",0.00226615667683539,-0.5193582,1.4681488,1.987507,0.953
"63","Cd276__chr9","hurdle",0.0231829827639105,3.378512,4.812498,1.433986,0.952
"14","4930553E22Rik__chr16","hurdle",0.0194549980469433,3.472488,4.958843,1.486355,0.949
"139","Gm13157__chr4","hurdle",0.0107839793105177,3.832622,5.567829,1.735207,0.941
"222","Pcf11__chr7","hurdle",0.0134855707795226,0.7691832,2.2529807,1.4837975,0.935
"132","Glt6d1__chr2","hurdle",0.00764322778992239,-0.6083197,1.282934,1.8912537,0.935
"124","Foxd3__chr4","hurdle",0.00746624076754683,-0.1488218,1.6322682,1.78109,0.932
"232","Prss53__chr7","hurdle",0.0119282589542792,1.283588,2.827819,1.544231,0.929
"283","Usp17lc__chr7","hurdle",0.0249199937633165,0.6555035,2.0356239,1.3801204,0.926
"30","AI317395__chr10","hurdle",0.000191811514323208,1.025099,3.4285,2.403401,0.921
"210","Olfr508__chr7","hurdle",0.016488792818687,0.6639704,2.1483918,1.4844214,0.92
"26","Ablim1__chr19","hurdle",0.0192113314417115,0.4112107,1.9132884,1.5020777,0.917
"280","Ube2d2a__chr18","hurdle",0.0237052536593673,-0.05303371,1.46814884,1.52118255,0.912
"185","Mecp2__chrX","hurdle",0.0640579684064255,2.280445,3.4285,1.148055,0.91
"11","4930404N11Rik__chr10","hurdle",0.00983825875513336,-0.1696265,1.6322682,1.8018947,0.91
"79","Cs__chr10","hurdle",0.048709402652913,1.215277,2.441838,1.226561,0.906
"141","Gm16515__chr11","hurdle",0.0925359539767418,2.210641,3.237768,1.027127,0.903
"187","Mettl6__chr14","hurdle",0.0345210957642145,0.8198576,2.1483918,1.3285342,0.899
"85","Cx3cr1__chr9","hurdle",0.0810810701789831,2.555199,3.67431,1.119111,0.897
"253","Sh2d1b2__chr1","hurdle",0.0375890040856844,0.5833692,1.9132884,1.3299192,0.896
"251","Sepw1__chr7","hurdle",0.026941145755281,-0.7306101,1.0703893,1.8009994,0.893
"234","Pus7l__chr15","hurdle",0.0743387093910212,1.23996,2.350497,1.110537,0.889
"18","4933433H22Rik__chr17","hurdle",0.0232270232061959,-0.591666,1.282934,1.8746,0.885
"93","D930032P07Rik__chr19","hurdle",0.0247028344101999,-0.5780522,1.282934,1.8609862,0.884
"59","Ccdc138__chr10","hurdle",0.0363694667662077,-0.6377484,1.0703893,1.7081377,0.884
"150","Gm6455__chr5","hurdle",0.0632131001165411,0.8519724,2.0356239,1.1836515,0.883
"268","Suox__chr10","hurdle",0.0226281792197133,-0.3363312,1.4681488,1.80448,0.882
"223","Pdzk1ip1__chr4","hurdle",0.0497004676568154,0.4616881,1.7796099,1.3179218,0.882
"260","Spert__chr14","hurdle",0.0271315369663572,-0.5331179,1.282934,1.8160519,0.879
"199","Nipsnap3a__chr4","hurdle",0.0124594239894159,-0.4828495,1.6322682,2.1151177,0.877
"6","2810004N23Rik__chr8","hurdle",0.0771926193516401,0.6408722,1.7796099,1.1387377,0.877
"296","Zfp710__chr7","hurdle",0.0343553408931449,0.09787865,1.63226822,1.53438957,0.876
"177","Krtap19-9b__chr16","hurdle",0.0514317303438043,-0.6868887,0.8210299,1.5079186,0.875
"290","Wdr36__chr18","hurdle",0.100000777462639,2.910199,4.230101,1.319902,0.874
"289","Vwa3a__chr7","hurdle",0.0872505374637429,0.6825435,1.7796099,1.0970664,0.873
"102","Dtd2__chr12","hurdle",0.0453105088968233,-0.5220997,1.0703893,1.592489,0.873
"83","Cul7__chr17","hurdle",0.0494510760164502,-0.7117099,0.8210299,1.5327398,0.873
"279","Tnfsf11__chr14","hurdle",0.070376836515622,1.577939,2.758445,1.180506,0.87
"28","Acot12__chr13","hurdle",0.0683648723699721,2.096986,3.336283,1.239297,0.868
"168","Il11__chr7","hurdle",0.0532813369829386,-0.4655953,1.0703893,1.5359846,0.866
"285","Vmn1r25__chr6","hurdle",0.0997958161520914,0.9911351,2.0356239,1.0444888,0.863
"24","A730082K24Rik__chr7","hurdle",0.0639666467505235,-0.5988831,0.8210299,1.419913,0.862
"21","9030612E09Rik__chr10","hurdle",0.0697316765578843,0.1726825,1.4681488,1.2954663,0.862
"56","Camta2__chr11","hurdle",0.0430614161613454,-0.3631161,1.282934,1.6460501,0.861
"66","Cdc123__chr2","hurdle",0.058927769637644,-0.1901904,1.282934,1.4731244,0.858
"256","Slc16a12__chr19","hurdle",0.0703294364488926,-0.5575178,0.8210299,1.3785477,0.857
"239","Rfpl3s__chr9","hurdle",0.092629135322469,3.231644,4.705978,1.474334,0.857
"109","Enpp4__chr17","hurdle",0.0750283539497821,1.141407,2.350497,1.20909,0.855
"258","Smox__chr2","hurdle",0.0722897965073078,-0.5400473,0.8210299,1.3610772,0.853
"211","Olfr724__chr14","hurdle",0.0607056129411542,0.9516668,2.2529807,1.3013139,0.853
"191","Mup10__chr4","hurdle",0.11053959626965,0.3978573,1.4681488,1.0702915,0.853
"135","Gm10147__chrX","hurdle",0.073121430449778,-0.544221,0.8210299,1.3652509,0.852
"221","Paxip1__chr5","hurdle",0.0740213731296906,-0.3496615,1.0703893,1.4200508,0.85
"81","Ctgf__chr10","hurdle",0.130954774147373,4.606772,5.712412,1.10564,0.85
"121","Fbxo7__chr10","hurdle",0.123147260183969,0.6298005,1.6322682,1.0024677,0.849
"111","Eps15l1__chr8","hurdle",0.0587379781135388,-0.2680112,1.282934,1.5509452,0.849
"68","Cdkl4__chr17","hurdle",0.0937175194609259,1.484574,2.608809,1.124235,0.848
"13","4930471G03Rik__chr18","hurdle",0.0774341288440677,-0.3207343,1.0703893,1.3911236,0.848
"49","Bahd1__chr2","hurdle",0.107888505528419,0.154342,1.282934,1.128592,0.847
"231","Prep__chr10","hurdle",0.0803689191920323,-0.3100344,1.0703893,1.3804237,0.846
"182","Lrrc73__chr17","hurdle",0.110119943197497,1.184291,2.252981,1.06869,0.845
"10","4922502H24Rik__chr13","hurdle",0.0814526153233395,-0.4848537,0.8210299,1.3058836,0.845
"75","Col25a1__chr3","hurdle",0.060996425628738,0.3618799,1.7796099,1.41773,0.844
"108","Enpep__chr3","hurdle",0.0480084922019712,-0.7117099,1.0703893,1.7820992,0.843
"273","Tceal6__chrX","hurdle",0.132340805161816,0.4417789,1.4681488,1.0263699,0.842
"263","Ssh1__chr5","hurdle",0.146433140584091,3.226447,4.399171,1.172724,0.841
"226","Phlda3__chr1","hurdle",0.0706836470537685,-0.2038809,1.282934,1.4868149,0.841
"206","Olfr141__chr2","hurdle",0.142550279854885,3.82997,5.034157,1.204187,0.841
"9","4921530L21Rik__chr14","hurdle",0.12300980200857,0.2053677,1.282934,1.0775663,0.841
"180","Lmtk2__chr5","hurdle",0.0916093946656507,-0.2588366,1.0703893,1.3292259,0.838
"237","Ramp2__chr11","hurdle",0.0737436315574547,0.1861815,1.6322682,1.4460867,0.837
"243","Rnf121__chr7","hurdle",0.0611142054362525,-0.1267474,1.4681488,1.5948962,0.836
"209","Olfr361__chr2","hurdle",0.13421378865792,0.2361124,1.282934,1.0468216,0.835
"196","Necab3__chr2","hurdle",0.0440099787843869,0.9320211,2.4418376,1.5098165,0.835
"131","Gem__chr4","hurdle",0.129461531867161,1.401659,2.441838,1.040179,0.834
"140","Gm13544__chr2","hurdle",0.136524242903962,0.6070853,1.6322682,1.0251829,0.833
"4","2310009A05Rik__chr9","hurdle",0.100801343048331,-0.2149276,1.0703893,1.2853169,0.833
"166","Ifih1__chr2","hurdle",0.0364684552703389,-0.591666,1.468149,2.059815,0.831
"286","Vmn1r9__chr6","hurdle",0.108226409768265,0.448796,1.632268,1.183472,0.83
"35","Alkbh7__chr17","hurdle",0.0702227832050942,-0.6407246,0.8210299,1.4617545,0.83
"107","Elof1__chr9","hurdle",0.0952545335319476,0.1392396,1.4681488,1.3289092,0.829
"163","Hpse2__chr19","hurdle",0.108187988516946,-0.361274,0.8210299,1.1823039,0.828
"244","Ror2__chr13","hurdle",0.0751186902597218,0.1895366,1.6322682,1.4427316,0.827
"278","Tmem79__chr3","hurdle",0.101131236598232,0.156058,1.468149,1.312091,0.825
"159","H2-Q10__chr17","hurdle",0.0654896416147679,-0.734579,0.5193742,1.2539532,0.824
"39","Apon__chr10","hurdle",0.064178322124025,-0.7385589,0.5193742,1.2579331,0.823
"70","Ceacam9__chr7","hurdle",0.114687681877346,-0.3177541,0.8210299,1.138784,0.822
"284","Usp49__chr17","hurdle",0.123901308252731,-0.1251835,1.0703893,1.1955728,0.821
"295","Zfp521__chr18","hurdle",0.162115792816931,3.709269,4.974223,1.264954,0.819
"264","St6gal1__chr16","hurdle",0.0839302645772295,-0.5645657,0.8210299,1.3855956,0.817
"110","Eprs__chr1","hurdle",0.0847355711312697,-0.5519042,0.8210299,1.3729341,0.817
"294","Xrn2__chr2","hurdle",0.145378883564261,-0.04808619,1.07038933,1.11847552,0.808
"186","Mef2d__chr3","hurdle",0.152603170989567,2.599933,3.67431,1.074377,0.807
"82","Cth__chr3","hurdle",0.0745583055210595,-0.5981598,0.5193742,1.117534,0.807
"274","Tet2__chr3","hurdle",0.111789205043206,0.9164134,2.1483918,1.2319784,0.805
"33","Akirin1__chr4","hurdle",0.157305489317218,-0.01488565,1.07038933,1.08527498,0.804
"183","Mab21l1__chr3","hurdle",0.106309372501451,-0.4596705,0.8210299,1.2807004,0.802
"134","Gm10096__chrX","hurdle",0.157859233769497,-0.009586049,1.070389328,1.079975377,0.802
"202","Npsr1__chr9","hurdle",0.132282372056048,0.377041,1.632268,1.255227,0.801
"154","Gpatch8__chr11","hurdle",0.0996401329757737,-0.4349194,0.8210299,1.2559493,0.801
"113","Epsti1__chr14","hurdle",0.147084820700149,-0.1929181,0.8210299,1.013948,0.801
"53","Bmp2__chr2","hurdle",0.0721474323089527,0.7014683,2.2529807,1.5515124,0.801
"212","Olfr748__chr14","hurdle",0.0777573119655573,-0.5702289,0.5193742,1.0896031,0.8
"214","Oog4__chr4","hurdle",0.104395186455608,1.743591,3.017922,1.274331,0.799
"249","Scly__chr1","hurdle",0.145913568524323,1.184291,2.350497,1.166206,0.793
"147","Gm6040__chr8","hurdle",0.118820677371497,-0.3773178,0.8210299,1.1983477,0.792
"255","Slc13a3__chr2","hurdle",0.090022522252884,-0.511846,0.5193742,1.0312202,0.791
"114","Erf__chr7","hurdle",0.113661291392807,-0.3766975,0.8210299,1.1977274,0.791
"242","Rnd1__chr15","hurdle",0.143840619048426,0.1937195,1.4681488,1.2744293,0.789
"225","Pgp__chr17","hurdle",0.121689178335762,-0.3631161,0.8210299,1.184146,0.789
"230","Ppp4r2__chr6","hurdle",0.119085584523064,-0.3637307,0.8210299,1.1847606,0.788
"133","Glt8d2__chr10","hurdle",0.0950279718741056,-0.4815149,0.5193742,1.0008891,0.787
"288","Vmn2r113__chr17","hurdle",0.182783875935363,0.4871319,1.6322682,1.1451363,0.785
"240","Rgsl1__chr1","hurdle",0.199913653553823,0.6588357,1.7796099,1.1207742,0.783
"269","Tbc1d8b__chrX","hurdle",0.129350598312297,-0.3082588,0.8210299,1.1292887,0.781
"291","Wdr72__chr9","hurdle",0.113395920819082,0.9853557,2.4418376,1.4564819,0.778
"101","Dpep1__chr8","hurdle",0.207014161341125,0.2470221,1.282934,1.0359119,0.774
"282","Ulk2__chr11","hurdle",0.141643722089176,1.59496,2.827819,1.232859,0.773
"76","Cox6c__chr15","hurdle",0.206072955271417,0.75821,1.77961,1.0214,0.772
"252","Sgce__chr6","hurdle",0.146418713975128,-0.2044312,1.0703893,1.2748205,0.771
"86","Cxcl16__chr11","hurdle",0.228655291719701,0.5804969,1.6322682,1.0517713,0.77
"297","Zfp82__chr7","hurdle",0.00156195229884091,-0.7337843,1.282934,2.0167183,0.765
"161","Habp2__chr19","hurdle",1.70120782226093e-11,-0.4362115,3.1858665,3.622078,0.763
"193","Myh7b__chr2","hurdle",0.00280533617484988,-0.6723507,1.282934,1.9552847,0.762
"190","Msc__chr1","hurdle",0.207662329265948,1.191211,2.441838,1.250627,0.762
"276","Tiam1__chr16","hurdle",0.158006388338528,-0.1793307,0.8210299,1.0003606,0.76
"157","Gtf3c3__chr1","hurdle",0.156380246602608,-0.06747821,1.28293396,1.35041217,0.759
"29","Actl9__chr17","hurdle",0.216835766404134,0.3674451,1.4681488,1.1007037,0.759
"164","Hs3st1__chr5","hurdle",0.189845555818222,4.83679,5.994731,1.157941,0.755
"3","2010106C02Rik__chr17","hurdle",0.00875399678963595,-0.516622,1.282934,1.799556,0.754
"152","Gmnc__chr16","hurdle",0.19579319444284,0.7499959,2.0356239,1.285628,0.753
"45","Atp1b3__chr9","hurdle",0.00202004153906676,-0.4537699,1.4681488,1.9219187,0.753
"293","Wnt3__chr11","hurdle",0.244989639451786,0.4315433,1.4681488,1.0366055,0.751
"151","Gm6639__chr3","hurdle",0.227016024617795,1.202049,2.252981,1.050932,0.749
"69","Cdkn2d__chr9","hurdle",0.252373692594311,0.4403714,1.4681488,1.0277774,0.746
"77","Cox7a2__chr9","hurdle",0.000553342998409336,0.0283818,2.0356239,2.0072421,0.745
"194","Myo7a__chr7","hurdle",0.0589498828646491,-0.7054645,0.8210299,1.5264944,0.743
"84","Cwc15__chr9","hurdle",0.0621039499304437,-0.7046857,0.8210299,1.5257156,0.743
"162","Hes3__chr4","hurdle",0.0313760662777595,-0.4413918,1.0703893,1.5117811,0.741
"228","Pla2g2d__chr4","hurdle",0.0228815557131461,-0.6010553,1.0703893,1.6714446,0.74
"208","Olfr316__chr11","hurdle",0.0746789398764285,-0.6670313,0.8210299,1.4880612,0.739
"227","Piwil2__chr14","hurdle",0.0650505596399886,-0.6332957,0.8210299,1.4543256,0.738
"112","Eps8l2__chr7","hurdle",0.206437422119592,0.017568,1.070389,1.052821,0.738
"95","Dgke__chr11","hurdle",0.212297615585347,2.965249,4.123777,1.158528,0.738
"261","Spopl__chr2","hurdle",0.0350724261843238,-0.3773178,1.0703893,1.4477071,0.737
"169","Il1f8__chr2","hurdle",0.0292725202453599,-0.3754575,1.0703893,1.4458468,0.737
"44","Atp10a__chr7","hurdle",0.0205943806284487,-0.489541,1.282934,1.772475,0.735
"8","4632415L05Rik__chr3","hurdle",0.144408136612867,-0.7971205,0.5193742,1.3164947,0.735
"266","Strn4__chr7","hurdle",0.0926856749290587,-0.588071,0.8210299,1.4091009,0.733
"272","Tbx2__chr11","hurdle",0.303587740547105,1.378879,2.527738,1.148859,0.732
"262","Sprr3__chr3","hurdle",0.0409157736610483,-0.3118122,1.0703893,1.3822015,0.731
"197","Nelfe__chr17","hurdle",0.0669290246956706,-0.5596286,0.8210299,1.3806585,0.731
"165","Ido2__chr8","hurdle",0.0426310132281485,-0.482182,1.070389,1.552571,0.731
"205","Olfr1245__chr2","hurdle",0.00565672025334789,0.1318467,1.7796099,1.6477632,0.73
"138","Gm12718__chr4","hurdle",0.00930674418358522,0.07765047,1.63226822,1.55461775,0.73
"55","Btla__chr16","hurdle",0.0415695014395005,-0.4688974,1.0703893,1.5392867,0.73
"204","Olfr1162__chr2","hurdle",0.0934212664583891,-0.5449178,0.8210299,1.3659477,0.729
"265","Stk11__chr10","hurdle",0.0919611459370461,-0.5255339,0.8210299,1.3465638,0.728
"155","Gt(ROSA)26Sor__chr6","hurdle",0.20289741582266,0.1314107,1.4681488,1.3367381,0.728
"58","Catsper1__chr19","hurdle",0.0477857193711721,-0.436858,1.070389,1.507247,0.728
"31","Aim1l__chr4","hurdle",0.211170598341776,-0.7070233,0.5193742,1.2263975,0.727
"16","4931414P19Rik__chr14","hurdle",0.217621276994019,0.1213448,1.282934,1.1615892,0.726
"129","Gabra4__chr5","hurdle",0.286491974453592,0.5903665,1.6322682,1.0419017,0.725
"160","H2afx__chr9","hurdle",0.22784621567214,0.1764919,1.282934,1.1064421,0.724
"216","Orc2__chr1","hurdle",0.245172562794309,1.325935,2.441838,1.115903,0.723
"277","Tmem52__chr4","hurdle",0.123449126164461,-0.4349194,0.8210299,1.2559493,0.72
"126","Fstl5__chr3","hurdle",0.122746858738715,-0.4297623,0.8210299,1.2507922,0.719
"229","Ppp1r16a__chr15","hurdle",0.247261201005654,-0.6046829,0.5193742,1.1240571,0.717
"105","Efnb2__chr8","hurdle",0.228960439540413,0.2107439,1.4681488,1.2574049,0.717
"37","Ano3__chr2","hurdle",0.316200726483735,1.855937,3.132028,1.276091,0.717
"201","Nmd3__chr3","hurdle",0.358079583864594,1.715064,2.894009,1.178945,0.716
"271","Tbrg1__chr9","hurdle",0.0570837167348366,0.03911515,1.28293396,1.24381881,0.714
"23","A230046K03Rik__chr10","hurdle",0.143101715076146,-0.3551505,0.8210299,1.1761804,0.712
"15","4930595M18Rik__chrX","hurdle",0.0957137685679975,-0.07048487,1.07038933,1.1408742,0.711
"292","Wdr95__chr5","hurdle",0.294233433500826,-0.537965,0.5193742,1.0573392,0.709
"52","Bcas1__chr2","hurdle",0.276095387369968,-0.5324268,0.5193742,1.051801,0.709
"136","Gm10666__chr7","hurdle",0.286037836129636,-0.5296657,0.5193742,1.0490399,0.708
"36","Amica1__chr9","hurdle",0.306800599400809,-0.5262217,0.5193742,1.0455959,0.707
"178","Las1l__chrX","hurdle",0.0544424568180403,-0.1690892,1.282934,1.4520232,0.706
"188","Mgea5__chr19","hurdle",0.168991949734868,-0.2842084,0.8210299,1.1052383,0.704
"184","Mapre2__chr18","hurdle",0.0849040094478722,0.1552002,1.282934,1.1277338,0.702
"195","Ndc80__chr17","hurdle",0.191485502987027,-0.2485845,0.8210299,1.0696144,0.701
"149","Gm6150__chr10","hurdle",0.13299009948698,0.02931831,1.07038933,1.04107102,0.701
"257","Slco2a1__chr9","hurdle",0.194503446685154,-0.2361523,0.8210299,1.0571822,0.699
"97","Dhx40__chr11","hurdle",0.0848285240929496,0.1764919,1.282934,1.1064421,0.699
"220","P4ha3__chr7","hurdle",0.205640809516725,-0.2177025,0.8210299,1.0387324,0.698
"12","4930448K20Rik__chr4","hurdle",0.317705797030983,-0.7765161,0.5193742,1.2958903,0.697
"275","Tfb2m__chr1","hurdle",0.0423776400019507,0.5852809,1.7796099,1.194329,0.695
"270","Tbpl1__chr10","hurdle",0.133276065987139,-0.09578708,1.07038933,1.16617641,0.695
"218","Ostf1__chr19","hurdle",0.311326936964467,-0.7562018,0.5193742,1.275576,0.694
"67","Cdc42ep4__chr11","hurdle",0.00837557051350798,0.835469,2.252981,1.417512,0.694
"50","BB287469__chr12","hurdle",0.23247244059914,-0.6731122,0.8210299,1.4941421,0.693
"248","Scgb1b3__chr7","hurdle",0.364782922287732,-0.7117099,0.5193742,1.2310841,0.692
"47","B3gnt6__chr7","hurdle",0.0579353183601917,0.5621717,1.6322682,1.0700965,0.691
"119","Farp1__chr14","hurdle",0.378191858763944,2.54074,3.711495,1.170755,0.69
"203","Nxpe3__chr16","hurdle",0.256182241044888,-0.6295955,0.8210299,1.4506254,0.689
"189","Mrap2__chr9","hurdle",0.0405885511635158,0.006196948,1.468148836,1.461951888,0.689
"89","Cyp4a32__chr4","hurdle",0.0790764139011439,-0.6178183,1.282934,1.9007523,0.689
"19","5530401A14Rik__chr11","hurdle",0.411684656890117,-0.6332957,0.5193742,1.1526699,0.683
"281","Uchl5__chr1","hurdle",0.0779488231706727,-0.5695198,1.282934,1.8524538,0.682
"267","Stxbp3b__chr19","hurdle",0.00754420904085914,1.807082,3.132028,1.324946,0.682
"241","Rhox6__chrX","hurdle",0.323056938535135,1.41444,2.758445,1.344005,0.682
"143","Gm3259__chr5","hurdle",0.405502094302035,-0.6200192,0.5193742,1.1393934,0.681
"254","Skint4__chr4","hurdle",0.43024967520703,-0.6046829,0.5193742,1.1240571,0.68
"233","Ptgr2__chr12","hurdle",0.422267437453742,-0.6046829,0.5193742,1.1240571,0.679
"41","Arl6__chr16","hurdle",0.19823637740498,0.04329351,1.07038933,1.02709582,0.679
"250","Sec61g__chr11","hurdle",0.421086913895703,-0.588071,0.5193742,1.1074452,0.676
"181","Lrrc6__chr15","hurdle",0.322334404050821,-0.4902119,0.8210299,1.3112418,0.674
"287","Vmn2r103__chr17","hurdle",0.0361334878262125,0.1907927,1.7796099,1.5888172,0.673
"60","Ccdc15__chr9","hurdle",0.45682412194027,-0.5470102,0.5193742,1.0663844,0.673
"167","Igfbp2__chr1","hurdle",0.0865210285487726,0.1861815,1.4681488,1.2819673,0.672
"43","Atad2b__chr12","hurdle",0.463949815894543,-0.5393529,0.5193742,1.0587271,0.672
"200","Nlrp1c-ps__chr11","hurdle",0.460421076216488,-0.5296657,0.5193742,1.0490399,0.67
"236","Rab1__chr11","hurdle",0.308988203848301,-0.4655953,0.8210299,1.2866252,0.669
"38","Aph1b__chr9","hurdle",0.487595529257765,-0.5091239,0.5193742,1.0284981,0.669
"148","Gm6084__chr17","hurdle",0.141961394639406,0.1907927,1.282934,1.0921413,0.668
"34","Alg11__chr8","hurdle",0.484390415267939,-0.5070857,0.5193742,1.0264599,0.668
"153","Gngt1__chr6","hurdle",0.30645362247932,-0.4511551,0.8210299,1.272185,0.666
"137","Gm11747__chr11","hurdle",0.48399777861505,-0.4942436,0.5193742,1.0136178,0.665
"72","Clasp1__chr1","hurdle",0.486538725543986,-0.4828495,0.5193742,1.0022237,0.664
"235","Pygo2__chr3","hurdle",0.189357755804225,-0.4112208,1.0703893,1.4816101,0.663
"224","Penk__chr4","hurdle",0.355244628772731,-0.4061476,0.8210299,1.2271775,0.663
"217","Os9__chr10","hurdle",0.154849857821994,0.2312371,1.282934,1.0516969,0.663
"213","Olfr868__chr9","hurdle",0.364374981608791,-0.3841597,0.8210299,1.2051896,0.661
"32","Akap3__chr6","hurdle",0.364459489581053,-0.3885305,0.8210299,1.2095604,0.661
"142","Gm21276__chr7","hurdle",0.378727598359398,-0.3563731,0.8210299,1.177403,0.657
"7","2900097C17Rik__chr2","hurdle",0.430485709651016,1.000716,2.035624,1.034908,0.656
"62","Ccdc65__chr15","hurdle",0.401169292806268,-0.3041241,0.8210299,1.125154,0.65
"92","D19Ertd737e__chr19","hurdle",0.190415492612013,-0.2310971,1.282934,1.5140311,0.646
"247","Sbno2__chr10","hurdle",0.455415366321975,-0.2502882,0.8210299,1.0713181,0.645
"238","Rbm27__chr18","hurdle",0.164536193036802,0.4386101,1.4681488,1.0295387,0.642
"207","Olfr169__chr16","hurdle",0.457244648729587,-0.2260595,0.8210299,1.0470894,0.64
"125","Foxk2__chr11","hurdle",0.169495135621735,-0.09680846,1.46814884,1.5649573,0.63
"179","Lmbrd1__chr1","hurdle",0.313876123107722,-0.01247433,1.28293396,1.29540829,0.621
"144","Gm3404__chr5","hurdle",0.446830233813468,-0.01006703,1.07038933,1.08045636,0.619
"245","Rpn1__chr6","hurdle",0.0746332260094545,1.13533,2.252981,1.117651,0.612
"51","BC068281__chr12","hurdle",0.392940456955849,0.1340251,1.282934,1.1489089,0.602
"54","Bmpr1a__chr14","hurdle",0.0334580420901627,-0.6761623,0.5193742,1.1955365,0.545
"90","Cyp4f18__chr8","hurdle",0.00300416129012668,-0.5554102,1.0703893,1.6257995,0.537
"192","Mutyh__chr4","hurdle",0.0118266022316716,-0.4996369,0.8210299,1.3206668,0.533
"198","Neurog1__chr13","hurdle",0.0505619906338035,-0.5023411,0.5193742,1.0217153,0.531
"145","Gm44__chrX","hurdle",0.00943876047369009,-0.4861914,0.8210299,1.3072213,0.53
"116","Fam24a__chr7","hurdle",0.0336014107251796,-0.5220997,0.5193742,1.0414739,0.529
"215","Optn__chr2","hurdle",0.0140389735404862,-0.4413918,0.8210299,1.2624217,0.528
"171","Irak4__chr15","hurdle",0.0159333385717664,-0.4169496,0.8210299,1.2379795,0.526
"146","Gm5494__chr17","hurdle",0.0136523664808971,-0.4093163,0.8210299,1.2303462,0.523
"88","Cyp2c44__chr19","hurdle",0.000313039755452092,-0.2243843,1.6322682,1.8566525,0.511
"98","Dis3l2__chr1","hurdle",0.0048552081397709,-0.2434857,1.0703893,1.313875,0.508
"80","Ctdnep1__chr11","hurdle",0.00497446664683582,-0.06297994,1.28293396,1.3459139,0.498
"61","Ccdc153__chr9","hurdle",0.0121431152871482,-0.06597723,1.07038933,1.13636656,0.497
"219","Ovol2__chr2","hurdle",0.00325602097249098,-0.03187872,1.28293396,1.31481268,0.49
"259","Snord96a__chr11","hurdle",0.479011184901591,1.18008,2.252981,1.072901,0.478
