"","Gene","test.type","p_value","log2.mean.Cluster_Other","log2.mean.1","log2fold_change","Auc"
"477","Lama1","hurdle",3.43240115919132e-09,-2.498806,3.523562,6.022368,0.999
"479","Lamb1","hurdle",8.32577631664961e-15,-0.3696082,3.5484366,3.9180448,0.996
"208","Col4a1","hurdle",2.77422339194896e-14,-0.4111673,4.5789387,4.990106,0.996
"209","Col4a2","hurdle",1.11287442383158e-09,-1.661468,2.827819,4.489287,0.995
"168","Cd63","hurdle",6.41717422464581e-09,0.4629823,3.3074285,2.8444462,0.995
"851","Sparc","hurdle",8.72636030309137e-07,2.277167,4.995485,2.718318,0.994
"480","Lamc1","hurdle",3.03078934074138e-10,-1.268753,2.232661,3.501414,0.993
"856","Srgn","hurdle",1.22315266979378e-07,-2.498806,2.169925,4.668731,0.992
"442","Ifi30","hurdle",2.00084564360658e-08,-1.320608,2.035624,3.356232,0.99
"236","Ctsl","hurdle",2.51390551137031e-09,1.186389,4.314697,3.128308,0.99
"369","Gata6","hurdle",2.02177013150988e-07,-2.833485,1.201634,4.035119,0.989
"237","Ctsz","hurdle",1.70960905137354e-07,-0.8999712,1.8073549,2.7073261,0.988
"82","Apoe","hurdle",1.35885158193337e-07,0.7723575,3.4195389,2.6471814,0.984
"227","Cst3","hurdle",6.51254473517817e-08,-0.8706868,1.722466,2.5931528,0.983
"788","Serpinh1","hurdle",1.23539796082812e-06,-0.7681265,2.2326608,3.0007873,0.981
"384","Glul","hurdle",3.06574103659045e-08,-0.6556293,2.2326608,2.8882901,0.981
"737","Rhox5","hurdle",5.60623958099447e-06,-1.644847,1.887525,3.532372,0.98
"322","Fabp3","hurdle",3.04401218027816e-06,-0.2834713,3.3362834,3.6197547,0.978
"970","Txndc12","hurdle",4.81550480746792e-05,-2.0860103,0.5849625,2.6709728,0.956
"279","E130012A19Rik","hurdle",3.0055150515223e-06,0.01210366,2.56071495,2.54861129,0.953
"394","Gnai2","hurdle",3.38138751794469e-05,0.4042963,2.3504972,1.9462009,0.942
"725","Rdx","hurdle",0.000636138767287178,-0.05768314,1.63226822,1.68995136,0.927
"943","Tpd52","hurdle",0.000437344642760992,-1.5335713,0.7655347,2.299106,0.923
"121","Atp6v1g1","hurdle",0.000742979160807961,-0.7591545,1.2016339,1.9607884,0.923
"929","Tmem256","hurdle",0.00167450505410183,-0.8901435,0.9259994,1.8161429,0.921
"217","Cotl1","hurdle",0.000486129022488527,-1.4302668,0.9259994,2.3562662,0.916
"612","Oat","hurdle",0.000823447242604001,-0.590522,1.432959,2.023481,0.91
"382","Glt25d1","hurdle",0.000592550062604584,-1.281543,1.070389,2.351932,0.905
"435","Hspg2","hurdle",0.0028690527322791,-0.07427874,1.43295941,1.50723815,0.903
"852","Spink3","hurdle",3.57252496454413e-07,-3.219928,1.963474,5.183402,0.899
"118","Atp6v0d1","hurdle",0.00082296674430324,-0.841985,1.321928,2.163913,0.899
"241","Cuta","hurdle",0.00201532756207941,-1.0021154,0.9259994,1.9281148,0.897
"235","Ctsh","hurdle",5.06744547472813e-07,-2.951161,2.169925,5.121086,0.897
"357","Foxq1","hurdle",6.33784906163504e-06,-2.99262,1.070389,4.063009,0.895
"247","Dab2","hurdle",2.01720767751773e-05,-2.760049,1.201634,3.961683,0.89
"702","Pth1r","hurdle",2.92961343640742e-05,-2.724687,1.201634,3.926321,0.889
"631","Pcbd1","hurdle",6.39966720078787e-05,-2.656462,0.7655347,3.4219967,0.888
"115","Atp6v0b","hurdle",0.00484877275179186,0.04832818,1.5360529,1.48772472,0.887
"975","Ubald2","hurdle",0.00224504698689102,-0.7953823,1.2016339,1.9970162,0.886
"489","Lima1","hurdle",0.000581618417935289,-1.5183528,0.1375035,1.6558563,0.883
"304","Epas1","hurdle",8.77964205601612e-05,-2.591318,0.5849625,3.1762805,0.881
"931","Tmem33","hurdle",0.000499706620427333,-1.548952,0.1375035,1.6864555,0.879
"877","Taf1","hurdle",0.00720029279487908,-0.3902381,1.0703893,1.4606274,0.879
"487","Lgmn","hurdle",2.86261984188875e-11,-1.430267,2.906891,4.337158,0.878
"430","Hpcal1","hurdle",0.000333395856393077,-2.4988059,0.3785116,2.8773175,0.877
"358","Fth1","hurdle",0.00584346679406007,2.742741,3.972693,1.229952,0.877
"402","Gpc3","hurdle",0.00025989395919978,-2.4692414,0.5849625,3.0542039,0.876
"848","Snx3","hurdle",0.0107236818665671,-0.4111673,0.9259994,1.3371667,0.872
"252","Ddah1","hurdle",0.000211853780069118,-1.580214,1.070389,2.650603,0.871
"1009","Wdr73","hurdle",0.000683768419969181,-1.4736376,0.1375035,1.6111411,0.87
"803","Sirt2","hurdle",0.00222199402154116,-0.8706868,1.0703893,1.9410761,0.869
"385","Gm14005","hurdle",0.00647989210937664,-0.689319,0.9259994,1.6153184,0.869
"817","Slc38a2","hurdle",0.00443834474656204,-0.3627966,1.4329594,1.795756,0.867
"471","Kif4","hurdle",0.00517220418824454,-0.9098662,0.7655347,1.6754009,0.863
"687","Prelid1","hurdle",0.0228042840518026,1.590764,2.608809,1.018045,0.861
"496","Lrpap1","hurdle",3.50466191945256e-06,-0.7681265,2.0356239,2.8037504,0.859
"857","Ssr1","hurdle",0.00775761926256031,-0.4395538,1.0703893,1.5099431,0.857
"149","Car5a","hurdle",0.00176031909714665,-1.3472509,0.1375035,1.4847544,0.857
"1008","Wdr45","hurdle",0.00143696615203059,-2.2522939,0.1375035,2.3897974,0.856
"763","Rtfdc1","hurdle",0.00379242707485524,-1.0670639,0.5849625,1.6520264,0.853
"1006","Wbp5","hurdle",0.0290599561274351,2.021376,3.153805,1.132429,0.852
"962","Tspan5","hurdle",0.00284688200531154,-1.9779737,0.3785116,2.3564853,0.852
"588","Ndufb10","hurdle",0.0195156734046461,0.3555657,1.4329594,1.0773937,0.849
"786","Sepw1","hurdle",0.0110383127419977,-0.8045832,0.5849625,1.3895457,0.848
"668","Plscr1","hurdle",0.00226226150680451,-2.1086235,0.3785116,2.4871351,0.848
"622","P4hb","hurdle",0.00510582644964012,1.021766,2.510962,1.489196,0.848
"216","Coro1b","hurdle",0.00936049642408544,-0.8045832,0.5849625,1.3895457,0.845
"398","Golm1","hurdle",0.00521644511725714,-1.4736376,0.5849625,2.0586001,0.841
"203","Cnn3","hurdle",0.023522923506657,0.3801367,1.5360529,1.1559162,0.841
"761","Rrbp1","hurdle",0.00718558364111678,0.6993824,2.169925,1.4705426,0.838
"218","Cpd","hurdle",0.00412890957238967,-1.9779737,0.1375035,2.1154772,0.838
"1016","Zc3h7a","hurdle",0.00303269792664693,-2.1086235,-0.1520031,1.9566204,0.837
"330","Fam50a","hurdle",0.00336508189177718,-1.6782833,0.5849625,2.2632458,0.836
"242","Cxcl11","hurdle",0.0138703259008721,-0.6473284,0.7655347,1.4128631,0.834
"187","Cisd1","hurdle",0.00732584429916947,-1.3743955,0.5849625,1.959358,0.834
"155","Cbfb","hurdle",0.0029444004994535,-2.0860103,-0.1520031,1.9340072,0.834
"956","Trio","hurdle",0.00680166592204706,-1.3338677,0.5849625,1.9188302,0.833
"201","Clu","hurdle",8.59009611878061e-08,0.3008478,2.7004397,2.3995919,0.833
"117","Atp6v0c-ps2","hurdle",0.00720591801006123,1.346658,2.70044,1.353782,0.833
"560","Mrps5","hurdle",0.013794092057265,-0.7238142,0.5849625,1.3087767,0.832
"699","Psma1","hurdle",0.0103753408939832,0.8150349,2.1043367,1.2893018,0.831
"116","Atp6v0c","hurdle",0.00785822221796069,1.357011,2.70044,1.343429,0.831
"102","Arl8a","hurdle",0.00739526009208997,-1.8581792,0.1375035,1.9956827,0.83
"879","Taf7","hurdle",0.000508312672270805,-0.5746942,1.2016339,1.7763281,0.828
"942","Tor1b","hurdle",0.0032305501420422,-1.4883892,0.9259994,2.4143886,0.827
"869","Sumf2","hurdle",0.00560880853172873,-2.0202225,-0.1520031,1.8682194,0.827
"807","Slc16a1","hurdle",0.0104168281792098,-1.5644984,0.3785116,1.94301,0.827
"363","Gaa","hurdle",0.00283128620009666,-1.1943069,0.9259994,2.1203063,0.827
"652","Pigs","hurdle",0.00620234281439815,-1.5335713,0.5849625,2.1185338,0.826
"213","Comt","hurdle",0.00106928278235375,-0.4252907,1.3219281,1.7472188,0.826
"563","Mt1","hurdle",0.0370225236510242,2.290191,3.711495,1.421304,0.825
"296","Eif5","hurdle",0.0106018637243349,0.6293673,2.1043367,1.4749694,0.823
"20","4930402H24Rik","hurdle",0.00901019911204829,-0.8325433,0.5849625,1.4175058,0.823
"838","Smim14","hurdle",0.00461458031627298,-1.9168334,-0.1520031,1.7648303,0.822
"718","Rasa2","hurdle",0.0086225055783234,-1.7475737,0.1375035,1.8850772,0.822
"733","Rhoc","hurdle",0.0149840470780493,-0.6145942,0.5849625,1.1995567,0.821
"601","Npc2","hurdle",0.0209676175974253,-0.1721065,1.2016339,1.3737404,0.821
"600","Nono","hurdle",0.0336888051870024,0.8681136,2.0356239,1.1675103,0.82
"697","Prrc2a","hurdle",0.0181993428466801,-0.5825864,0.7655347,1.3481211,0.819
"816","Slc2a3","hurdle",0.0387552264700108,1.715081,3.121015,1.405934,0.817
"476","Krtcap2","hurdle",0.0367908981931491,0.2078242,1.3219281,1.1141039,0.816
"309","Eps15l1","hurdle",0.0142535624555225,-1.6952964,0.1375035,1.8327999,0.816
"334","Fastk","hurdle",0.0157930995496714,-1.4160948,0.3785116,1.7946064,0.815
"139","Bloc1s3","hurdle",0.0038899122221299,-0.9810998,0.1375035,1.1186033,0.815
"70","Anapc16","hurdle",0.0173590706428758,-1.1006685,0.5849625,1.685631,0.814
"33","Abcb8","hurdle",0.0147326991799295,-1.6614685,0.1375035,1.798972,0.814
"142","Bri3","hurdle",0.00056778052716956,-0.196122,1.321928,1.51805,0.813
"984","Uhrf1bp1l","hurdle",0.016719270101151,-1.6448474,0.1375035,1.7823509,0.812
"767","Samm50","hurdle",0.0472979948200286,0.0432086,1.0703893,1.0271807,0.812
"349","Fkbp9","hurdle",0.0214165457057644,-1.056034,0.5849625,1.6409965,0.812
"166","Cd300ld","hurdle",0.0187125651616246,-0.7151128,0.7655347,1.4806475,0.811
"582","Nav1","hurdle",0.0145688294922095,-1.6121689,0.1375035,1.7496724,0.809
"557","Mrps22","hurdle",0.0192828627480963,-1.5961031,0.1375035,1.7336066,0.809
"508","Magoh","hurdle",0.000833961272715516,0.1181577,1.5360529,1.4178952,0.808
"455","Itsn1","hurdle",0.0156393522979687,-1.2944474,0.5849625,1.8794099,0.808
"234","Ctsd","hurdle",0.0119411760724391,0.6830177,2.2927817,1.609764,0.808
"399","Gorasp2","hurdle",0.0253292544631621,-0.4758408,0.7655347,1.2413755,0.807
"647","Pepd","hurdle",0.0130569148983385,-1.2435084,0.5849625,1.8284709,0.804
"708","Purb","hurdle",0.0152314589977677,-0.8325433,0.9259994,1.7585427,0.803
"146","Calr","hurdle",0.0477205334480615,1.445044,2.459432,1.014388,0.803
"876","Tacc3","hurdle",0.0119813932342705,-0.7413762,0.3785116,1.1198878,0.802
"780","Seh1l","hurdle",0.0301913566807042,-0.9707057,0.5849625,1.5556682,0.801
"457","Jade1","hurdle",0.0478517251689936,0.8535643,1.8875253,1.033961,0.801
"482","Lamtor4","hurdle",0.0307154721668903,-0.9603859,0.5849625,1.5453484,0.8
"56","Aggf1","hurdle",0.0152909269023363,-1.7125126,-0.1520031,1.5605095,0.8
"350","Fkrp","hurdle",0.0101657365127911,-1.6952964,-0.1520031,1.5432933,0.799
"972","Tyms-ps","hurdle",0.0282428213376081,-1.4883892,0.1375035,1.6258927,0.797
"908","Timp3","hurdle",0.0090642599151844,-1.5802142,-0.1520031,1.4282111,0.796
"481","Lamp1","hurdle",8.23952962350443e-05,0.625947,2.350497,1.72455,0.796
"605","Nucb1","hurdle",0.00222689428810722,-1.067064,1.201634,2.268698,0.794
"905","Tia1","hurdle",0.0184310052605155,-1.6448474,-0.1520031,1.4928443,0.793
"750","Rnf7","hurdle",0.0105867101197407,-0.6978658,0.3785116,1.0763774,0.793
"716","Rala","hurdle",0.0302685494171872,-0.2579701,1.0703893,1.3283594,0.793
"685","Ppp2r1a","hurdle",0.0333754905477159,-0.4111673,0.7655347,1.176702,0.793
"910","Tirap","hurdle",0.0204520731631354,-1.1120463,0.5849625,1.6970088,0.792
"599","Nomo1","hurdle",0.0292061169560295,-0.8325433,0.5849625,1.4175058,0.792
"197","Clic6","hurdle",0.000672348860709373,-2.9511609,0.3785116,3.3296725,0.792
"147","Camsap1","hurdle",0.0406190784971247,-1.1703214,0.3785116,1.548833,0.792
"1004","Vta1","hurdle",0.0147569812100094,-1.5961031,-0.1520031,1.4441,0.791
"920","Tmem147","hurdle",0.017950786000185,-0.6145942,0.5849625,1.1995567,0.791
"896","Terf2ip","hurdle",0.0444283475371162,-1.1350747,0.3785116,1.5135863,0.791
"672","Polr1b","hurdle",0.0229094370954725,-1.6448474,-0.1520031,1.4928443,0.791
"551","Mpg","hurdle",0.0347331346747425,-1.4160948,0.1375035,1.5535983,0.79
"431","Hs3st1","hurdle",0.000818678451978345,-2.9108595,0.1375035,3.048363,0.79
"60","Akap2","hurdle",0.0299565614921738,-0.9098662,0.9259994,1.8358656,0.79
"633","Pcbp4","hurdle",0.0270689745484058,0.1230185,1.5360529,1.4130344,0.789
"467","Kdm2b","hurdle",0.0366954215825867,-1.3607594,0.1375035,1.4982629,0.789
"351","Fndc7","hurdle",0.0201404957813571,-0.6808225,0.3785116,1.0593341,0.789
"355","Foxa2","hurdle",0.00112260556220493,-2.9108595,0.1375035,3.048363,0.788
"694","Prosc","hurdle",0.033752675090754,-1.3881618,0.1375035,1.5256653,0.787
"368","Galnt2","hurdle",0.0476449876674094,-1.1006685,0.3785116,1.4791801,0.787
"411","Gtl3","hurdle",0.0490319260444018,-1.1120463,0.3785116,1.4905579,0.786
"352","Folr1","hurdle",0.0487484444477339,0.1132804,1.2016339,1.0883535,0.785
"107","Asb6","hurdle",0.0198727079298386,-1.5644984,-0.1520031,1.4124953,0.785
"832","Slk","hurdle",0.0377990741817234,-1.3338677,0.1375035,1.4713712,0.784
"288","Edf1","hurdle",0.0561325639247652,0.4591433,1.5360529,1.0769096,0.784
"238","Cubn","hurdle",0.000954580968579968,-2.656462,1.201634,3.858096,0.784
"794","Sh3pxd2b","hurdle",0.00204002730846371,-2.7962997,0.3785116,3.1748113,0.783
"597","Nol11","hurdle",0.0175453358940563,-0.6308685,0.3785116,1.0093801,0.781
"191","Ckap5","hurdle",0.039003352587897,-1.2687531,0.3785116,1.6472647,0.781
"933","Tmem51","hurdle",0.00386310969295345,-2.7246873,-0.1520031,2.5726842,0.78
"796","Shmt2","hurdle",0.0422543927741648,-1.281543,0.1375035,1.4190465,0.779
"726","Renbp","hurdle",0.00535217904217644,-2.5598169,0.1375035,2.6973204,0.779
"497","Lrrc20","hurdle",0.0462292451364579,-1.2560755,0.1375035,1.393579,0.779
"868","Sulf2","hurdle",0.0236469437913761,-1.5183528,-0.1520031,1.3663497,0.778
"58","Ak6","hurdle",0.0678437509312248,0.06862672,1.07038933,1.00176261,0.778
"844","Snrnp40","hurdle",0.00910568527414119,-0.4395538,1.2016339,1.6411877,0.777
"722","Rbx1","hurdle",0.0128184003747706,0.4744384,1.5360529,1.0616145,0.777
"308","Epn2","hurdle",0.0464711014164023,-1.2560755,0.1375035,1.393579,0.777
"232","Ctsb","hurdle",0.00121407731045099,-0.2391357,1.5360529,1.7751886,0.777
"827","Slc7a5","hurdle",0.0271435954529014,-1.5032932,-0.1520031,1.3512901,0.776
"621","P4ha2","hurdle",0.00633521991086457,-2.1086235,0.5849625,2.693586,0.776
"945","Tpp1","hurdle",0.0649585652571269,-1.0127391,0.3785116,1.3912507,0.775
"799","Sidt2","hurdle",0.046262057380844,-1.281543,0.1375035,1.4190465,0.775
"364","Gabarapl1","hurdle",0.0224078854166393,-1.4736376,-0.1520031,1.3216345,0.775
"271","Dnajc3","hurdle",0.0261383125536547,-0.8325433,0.9259994,1.7585427,0.774
"527","Mea1","hurdle",0.0528783313256334,-0.5825864,0.7655347,1.3481211,0.773
"200","Cltc","hurdle",0.0340644175826334,-1.1703214,0.7655347,1.9358561,0.773
"78","Ap2a2","hurdle",0.0642063743345255,0.1986438,1.3219281,1.1232843,0.773
"993","Vamp8","hurdle",0.0462753242239116,-1.1120463,0.5849625,1.6970088,0.772
"100","Arl6ip5","hurdle",0.0672953317445439,-0.9915693,0.3785116,1.3700809,0.772
"422","Heatr3","hurdle",0.0526151937183875,-0.5746942,0.7655347,1.3402289,0.771
"119","Atp6v0e","hurdle",0.07405227978723,0.3719928,1.4329594,1.0609666,0.771
"1019","Zfhx3","hurdle",0.0673249916478963,-0.8706868,0.5849625,1.4556493,0.77
"374","Gcsh","hurdle",0.0453780759320707,-0.7591545,0.9259994,1.6851539,0.77
"768","Sars","hurdle",0.0463771051684251,-0.851489,0.7655347,1.6170237,0.769
"892","Tcirg1","hurdle",0.00821779009033014,-2.591318,-0.5145732,2.0767448,0.768
"320","Extl3","hurdle",0.0610549754543415,-1.1822643,0.1375035,1.3197678,0.767
"669","Podxl","hurdle",9.9126450724513e-05,-1.765429,1.070389,2.835818,0.766
"502","Lsr","hurdle",0.0359211406419687,-0.4980593,0.9259994,1.4240587,0.766
"677","Pop5","hurdle",0.0374437415553374,-0.3833286,0.9259994,1.309328,0.765
"862","Stard8","hurdle",0.00518038184300768,-2.154942,0.7655347,2.9204767,0.764
"858","Ssr3","hurdle",0.0485888866951907,-0.8138431,0.7655347,1.5793778,0.764
"593","Nid2","hurdle",0.0802666304543993,-0.9298623,0.3785116,1.3083739,0.764
"558","Mrps28","hurdle",0.0561415324540363,-0.8138431,0.7655347,1.5793778,0.764
"440","Idh3b","hurdle",0.0496145610016977,-0.04672453,1.20163386,1.24835839,0.764
"800","Sipa1","hurdle",0.0144487325402163,-2.154942,0.1375035,2.2924455,0.763
"113","Atp6ap1","hurdle",0.0784248192008939,-0.8231629,0.5849625,1.4081254,0.763
"871","Suv39h1","hurdle",0.000263158503151568,-1.7299366,0.9259994,2.655936,0.762
"845","Snx11","hurdle",0.0105712550667149,-2.4692414,-0.5145732,1.9546682,0.762
"866","Stx3","hurdle",0.0467906255570519,-0.8045832,0.7655347,1.5701179,0.76
"253","Ddx10","hurdle",0.0750745753581738,-1.1235145,0.1375035,1.261018,0.76
"846","Snx12","hurdle",0.0475091505809104,-0.3425526,0.9259994,1.268552,0.759
"757","Rpp14","hurdle",0.070240473493166,-1.0670639,0.3785116,1.4455755,0.759
"666","Plgrkt","hurdle",0.0159931115598683,-2.4402706,-0.5145732,1.9256974,0.759
"967","Ttc3","hurdle",0.100754712380855,-0.5668449,0.5849625,1.1518074,0.758
"870","Surf2","hurdle",0.0830507914374753,-1.1006685,0.1375035,1.238172,0.758
"501","Lrwd1","hurdle",0.0731567789192564,-1.1235145,0.1375035,1.261018,0.758
"491","Lmna","hurdle",0.0756633789294786,-0.750238,0.7655347,1.5157727,0.758
"1010","Whsc1","hurdle",0.0585488505176095,-1.0781787,0.1375035,1.2156822,0.757
"996","Vmn1r58","hurdle",0.0302556674042225,0.3389494,1.8073549,1.4684055,0.755
"542","Mlec","hurdle",0.0631757675945948,-0.7413762,0.7655347,1.5069109,0.755
"233","Ctsc","hurdle",0.0151445486920495,-2.3566935,-0.5145732,1.8421203,0.755
"787","Serpine2","hurdle",0.0257175992584012,-2.1315969,0.1375035,2.2691004,0.754
"231","Ctsa","hurdle",0.0303409032310381,-2.154942,-0.1520031,2.0029389,0.754
"114","Atp6v0a1","hurdle",0.0114965017799108,-1.9573044,0.3785116,2.335816,0.754
"528","Med10","hurdle",0.0353771280093095,-0.3971808,0.9259994,1.3231802,0.753
"806","Skiv2l2","hurdle",0.0859224910933192,-1.0670639,0.1375035,1.2045674,0.752
"721","Rbbp8","hurdle",0.0322631946179306,-2.154942,-0.1520031,2.0029389,0.752
"514","Marc2","hurdle",0.0111034601909494,-1.8970158,0.5849625,2.4819783,0.752
"381","Glis2","hurdle",0.0734984380974717,-0.9915693,0.1375035,1.1290728,0.752
"211","Commd4","hurdle",0.0994261459471826,-0.7325685,0.5849625,1.317531,0.752
"591","Nfic","hurdle",0.0338046960161859,-2.154942,-0.1520031,2.0029389,0.751
"173","Cdcp1","hurdle",0.0417666652445492,-1.281543,-0.1520031,1.1295399,0.751
"914","Tmco1","hurdle",0.046828934877118,-0.6145942,0.9259994,1.5405936,0.75
"754","Rpe65","hurdle",0.0242041784724079,-2.2776941,-0.5145732,1.7631209,0.75
"713","Rab3c","hurdle",0.0243874272013992,-2.3035496,-0.5145732,1.7889764,0.75
"616","Osbpl1a","hurdle",0.0243874272013988,-2.3035496,-0.5145732,1.7889764,0.75
"590","Neu1","hurdle",0.000934978570239265,-1.5032932,0.7655347,2.2688279,0.749
"290","Efna4","hurdle",0.0193212946788756,-1.8581792,0.3785116,2.2366908,0.749
"1027","Zfp553","hurdle",0.039864853714434,-1.2560755,-0.1520031,1.1040724,0.748
"988","Usf2","hurdle",0.0401591210335327,-1.2687531,-0.1520031,1.11675,0.748
"649","Pgap1","hurdle",0.0423391436589702,-2.0860103,-0.1520031,1.9340072,0.747
"425","Hexa","hurdle",0.0162489306077844,-2.0418202,0.7655347,2.8073549,0.747
"1017","Zdhhc6","hurdle",0.0435524345303726,-2.0637461,-0.1520031,1.911743,0.746
"321","F3","hurdle",0.0238761465699083,-1.548952,0.9259994,2.4749514,0.746
"418","Hbegf","hurdle",0.0723102329392585,-0.4041571,0.7655347,1.1696918,0.745
"318","Exosc10","hurdle",0.0921779217571406,-0.9399653,0.3785116,1.3184769,0.745
"157","Ccdc137","hurdle",0.0291235428551064,-2.2273332,-0.5145732,1.71276,0.745
"85","Arfgef2","hurdle",0.0360591050695194,-2.0202225,0.1375035,2.157726,0.745
"1000","Vps29","hurdle",0.0209126937943201,-0.5746942,1.0703893,1.6450835,0.744
"715","Rad9a","hurdle",0.0439707245309075,-2.0637461,-0.1520031,1.911743,0.744
"295","Eif2s3y","hurdle",0.0431593232858736,-1.1943069,-0.1520031,1.0423038,0.744
"150","Carhsp1","hurdle",0.098021157578955,-0.2082813,0.9259994,1.1342807,0.743
"555","Mrpl53","hurdle",0.094311017162174,-0.9915693,0.1375035,1.1290728,0.742
"377","Gins4","hurdle",0.0980028007545402,-0.9810998,0.1375035,1.1186033,0.742
"190","Ckap4","hurdle",0.054994383556467,-0.1137607,1.3219281,1.4356888,0.742
"969","Twf2","hurdle",0.0252501171613353,-1.4302668,0.3785116,1.8087784,0.741
"651","Piezo1","hurdle",0.142384229756608,-0.7238142,0.3785116,1.1023258,0.741
"620","P4ha1","hurdle",0.0536926568288148,-1.9989435,-0.1520031,1.8469404,0.741
"537","Mfge8","hurdle",0.0899677281175904,-0.9399653,0.1375035,1.0774688,0.741
"417","Haus2","hurdle",0.100982720432967,-0.9399653,0.3785116,1.3184769,0.741
"979","Ubn1","hurdle",0.101827861556097,-0.9603859,0.1375035,1.0978894,0.74
"828","Slc7a6","hurdle",0.0530630743338345,-1.9989435,-0.1520031,1.8469404,0.74
"412","Gtpbp1","hurdle",0.037918215067701,-2.154942,-0.5145732,1.6403688,0.74
"386","Gm14295","hurdle",0.033495259780324,-2.1315969,-0.5145732,1.6170237,0.74
"224","Crybg3","hurdle",0.0379182150676967,-2.154942,-0.5145732,1.6403688,0.74
"26","9930111H07Rik","hurdle",0.105872491847899,-0.9198297,0.3785116,1.2983413,0.74
"957","Trmt1","hurdle",0.0471216629848312,-1.1703214,-0.1520031,1.0183183,0.739
"204","Cnppd1","hurdle",0.0329664503090978,-1.9779737,0.1375035,2.1154772,0.739
"793","Sh3gl1","hurdle",0.105475754366701,-0.9810998,0.1375035,1.1186033,0.738
"456","Ivns1abp","hurdle",0.0475884172102202,-1.9168334,0.1375035,2.0543369,0.738
"316","Etv4","hurdle",0.0365098416438125,-2.1086235,-0.5145732,1.5940503,0.738
"661","Pkd2","hurdle",0.0632301006816567,-1.936927,-0.1520031,1.7849239,0.737
"611","Nxpe3","hurdle",0.0475323783855822,-1.6782833,0.1375035,1.8157868,0.737
"604","Nt5c","hurdle",0.0562983455278359,-1.8970158,-0.1520031,1.7450127,0.737
"488","Lhpp","hurdle",0.0632301006816594,-1.936927,-0.1520031,1.7849239,0.737
"198","Clk3","hurdle",0.0369065407454105,-1.8774668,0.3785116,2.2559784,0.737
"8","2200002D01Rik","hurdle",0.113810895752273,-0.6556293,0.3785116,1.0341409,0.737
"934","Tmem66","hurdle",0.0620539579399127,-1.6284156,0.1375035,1.7659191,0.736
"900","Tfb2m","hurdle",0.0486771602246203,-2.1086235,-0.5145732,1.5940503,0.736
"258","Dennd1b","hurdle",0.0445541390363772,-2.1086235,-0.5145732,1.5940503,0.736
"405","Gpx3","hurdle",0.00417741585379464,-1.877467,1.722466,3.599933,0.735
"215","Coq5","hurdle",0.0692599586687119,-1.8970158,-0.1520031,1.7450127,0.735
"195","Clic1","hurdle",0.0535959401406316,0.2792373,1.3219281,1.0426908,0.735
"855","Srek1ip1","hurdle",0.0235627082037825,-1.6121689,0.3785116,1.9906805,0.734
"670","Pole3","hurdle",0.0481081168041577,-2.0860103,-0.5145732,1.5714371,0.734
"444","Impdh1","hurdle",0.0680493281738104,-1.1703214,-0.1520031,1.0183183,0.734
"432","Hsbp1","hurdle",0.0483759477645303,-0.296393,0.7655347,1.0619277,0.734
"154","Cbfa2t2","hurdle",0.0477550781328529,-2.0637461,-0.5145732,1.5491729,0.734
"960","Tsen54","hurdle",0.0518209067809505,-2.0637461,-0.5145732,1.5491729,0.733
"705","Ptpn3","hurdle",0.0473692568222745,-2.0637461,-0.5145732,1.5491729,0.733
"639","Pcyt2","hurdle",0.0518209067809527,-2.0637461,-0.5145732,1.5491729,0.733
"585","Ncoa4","hurdle",0.138506980000993,-0.5746942,0.5849625,1.1596567,0.733
"540","Mien1","hurdle",0.11801038411525,-0.9098662,0.1375035,1.0473697,0.732
"504","Lyrm2","hurdle",0.113722418846955,-0.9098662,0.1375035,1.0473697,0.732
"393","Gna11","hurdle",0.124009019781696,-0.851489,0.3785116,1.2300006,0.732
"347","Fkbp2","hurdle",0.104296650273869,-0.8803824,0.1375035,1.0178859,0.732
"291","Egfl7","hurdle",0.0545117828710879,-1.839146,0.1375035,1.9766495,0.732
"278","Dusp8","hurdle",0.051048397019552,-2.0418202,-0.5145732,1.527247,0.732
"1013","Yaf2","hurdle",0.0770638788888132,-1.8581792,-0.1520031,1.7061761,0.731
"964","Tsr3","hurdle",0.0748659634762532,-1.839146,-0.1520031,1.6871429,0.731
"362","Fxr1","hurdle",0.176989432022181,-0.2643033,0.7655347,1.029838,0.731
"99","Arl6ip4","hurdle",0.117980873392991,-0.9298623,0.1375035,1.0673658,0.731
"941","Tor1aip1","hurdle",0.0501225688877349,-2.0202225,-0.5145732,1.5056493,0.73
"543","Mlh3","hurdle",0.0809947217881098,-1.839146,-0.1520031,1.6871429,0.73
"902","Tfpi","hurdle",0.0129505787427051,-0.9399653,1.2016339,2.1415992,0.729
"646","Peg3","hurdle",0.00805820112270871,-0.9198297,1.4329594,2.3527891,0.729
"617","Oser1","hurdle",0.0844797382057277,-1.8203606,-0.1520031,1.6683575,0.729
"575","N4bp1","hurdle",0.00474565715454968,-1.1467282,0.5849625,1.7316907,0.729
"354","Fos","hurdle",0.0579917869020648,-1.5644984,0.1375035,1.7020019,0.729
"299","Emc10","hurdle",0.103748172495135,-0.5435501,0.7655347,1.3090848,0.729
"1005","Vti1b","hurdle",0.0848425963163463,-1.8203606,-0.1520031,1.6683575,0.728
"936","Tmod3","hurdle",0.131096333112955,-0.8803824,0.1375035,1.0178859,0.728
"734","Rhod","hurdle",0.0584204717278965,-1.9779737,-0.5145732,1.4634005,0.728
"712","Rab18","hurdle",0.0588854014671103,-1.9989435,-0.5145732,1.4843703,0.728
"940","Tom1l1","hurdle",0.0639203503955562,-1.9989435,-0.5145732,1.4843703,0.727
"810","Slc1a4","hurdle",0.0639203503955562,-1.9989435,-0.5145732,1.4843703,0.727
"772","Scml4","hurdle",0.0447387277668016,-1.4883892,0.3785116,1.8669008,0.727
"731","Rfk","hurdle",0.0887521299439302,-1.8018167,-0.1520031,1.6498136,0.727
"353","Fopnl","hurdle",0.0639203503955571,-1.9989435,-0.5145732,1.4843703,0.727
"126","B4galt1","hurdle",0.063501884264237,-1.9779737,-0.5145732,1.4634005,0.727
"103","Arl8b","hurdle",0.0885495424845607,-1.8018167,-0.1520031,1.6498136,0.727
"98","Arl16","hurdle",0.179490677717328,-0.639075,0.3785116,1.0175866,0.727
"919","Tmem120a","hurdle",0.0861165521728004,-1.5183528,0.1375035,1.6558563,0.726
"872","Suv420h2","hurdle",0.0918182337468453,-1.7835082,-0.1520031,1.6315051,0.726
"6","1500009L16Rik","hurdle",0.0880539846015177,-1.8018167,-0.1520031,1.6498136,0.726
"836","Smek1","hurdle",0.0614629811950259,-1.936927,-0.5145732,1.4223538,0.725
"544","Mlx","hurdle",0.0597253909656732,-1.7654291,0.1375035,1.9029326,0.725
"526","Me2","hurdle",0.0600308607057932,-1.5183528,0.1375035,1.6558563,0.725
"448","Irf3","hurdle",0.0946721925592063,-1.7654291,-0.1520031,1.613426,0.725
"371","Gcat","hurdle",0.0919777163244504,-1.5032932,0.1375035,1.6407967,0.725
"193","Cldn6","hurdle",0.0487105275917574,0.09854888,1.5360529,1.43750402,0.725
"554","Mrpl46","hurdle",0.000553218525209553,-0.8138431,0.9259994,1.7398425,0.724
"779","Secisbp2l","hurdle",0.0657201543830656,-1.9168334,-0.5145732,1.4022602,0.723
"515","March2","hurdle",0.0727930045831559,-1.9573044,-0.5145732,1.4427312,0.723
"192","Clasrp","hurdle",0.0738689935380091,-1.4883892,0.1375035,1.6258927,0.723
"882","Tax1bp3","hurdle",0.111955927287819,-0.3225888,1.0703893,1.3929781,0.722
"751","Rnft1","hurdle",0.077472077204657,-1.936927,-0.5145732,1.4223538,0.722
"14","2610002M06Rik","hurdle",0.071846822302883,-1.936927,-0.5145732,1.4223538,0.722
"809","Slc19a1","hurdle",0.070713311072995,-1.9168334,-0.5145732,1.4022602,0.721
"404","Gprc5c","hurdle",0.070713311072992,-1.9168334,-0.5145732,1.4022602,0.721
"329","Fam3c","hurdle",0.0885062451201282,-1.6614685,0.1375035,1.798972,0.721
"161","Ccdc82","hurdle",0.0888468770601396,-1.9573044,-0.5145732,1.4427312,0.721
"123","B230206H07Rik","hurdle",0.0799938215307662,-1.6782833,0.1375035,1.8157868,0.721
"120","Atp6v1b2","hurdle",0.115702618704953,-0.8706868,0.1375035,1.0081903,0.721
"89","Arhgap21","hurdle",0.107912703692193,-1.6952964,-0.1520031,1.5432933,0.721
"32","Aars","hurdle",0.0260309045994022,-0.3492691,1.5360529,1.885322,0.721
"1003","Vrk1","hurdle",0.076461997905051,-1.4445793,0.1375035,1.5820828,0.72
"583","Ncam1","hurdle",0.0847076138448322,-1.6614685,0.1375035,1.798972,0.72
"245","Cyr61","hurdle",0.0889190217164461,1.165338,2.510962,1.345624,0.72
"916","Tmed10","hurdle",0.0756883557430354,0.3760705,1.4329594,1.0568889,0.718
"608","Nudt9","hurdle",0.115845555438539,-1.6614685,-0.1520031,1.5094654,0.718
"254","Ddx49","hurdle",0.0779436429098311,-1.4160948,0.1375035,1.5535983,0.718
"229","Ctgf","hurdle",0.0527354334027384,-1.2435084,0.7655347,2.0090431,0.718
"210","Commd3","hurdle",0.123208041192576,-1.6448474,-0.1520031,1.4928443,0.717
"169","Cdc25a","hurdle",0.15278233832653,-0.7151128,0.3785116,1.0936244,0.717
"1032","Zmiz1","hurdle",0.0769956537131246,-1.8018167,-0.5145732,1.2872435,0.716
"961","Tspan4","hurdle",0.0512552958104182,-1.3338677,0.3785116,1.7123793,0.716
"453","Itgb1","hurdle",0.21252158398022,-0.09670741,0.92599942,1.02270683,0.716
"65","Alg3","hurdle",0.0843589813657077,-1.839146,-0.5145732,1.3245728,0.716
"16","2700070H01Rik","hurdle",0.138286823757165,-1.3472509,0.1375035,1.4847544,0.716
"1030","Zkscan3","hurdle",0.0913892969207769,-1.8581792,-0.5145732,1.343606,0.715
"664","Pld3","hurdle",0.091389296920773,-1.8581792,-0.5145732,1.343606,0.715
"255","Ddx52","hurdle",0.161360123652629,-0.7413762,0.3785116,1.1198878,0.715
"963","Tspan9","hurdle",0.146937543062967,-1.2944474,0.1375035,1.4319509,0.714
"641","Pdcd2","hurdle",0.0160574880104252,-1.3472509,0.3785116,1.7257625,0.714
"595","Nipa2","hurdle",0.12537314790062,-1.6448474,-0.1520031,1.4928443,0.714
"492","Lmtk2","hurdle",0.121722938947727,-1.5802142,-0.1520031,1.4282111,0.714
"762","Rs5-8s1","hurdle",0.0878845916959183,-1.8018167,-0.5145732,1.2872435,0.713
"324","Fam160b1","hurdle",0.133076414041066,-1.6284156,-0.1520031,1.4764125,0.713
"1025","Zfp36l1","hurdle",0.137567983998231,-1.5961031,-0.1520031,1.4441,0.712
"769","Sbf1","hurdle",0.109860294284405,-1.839146,-0.5145732,1.3245728,0.712
"577","Naa16","hurdle",0.109860294284405,-1.839146,-0.5145732,1.3245728,0.712
"1028","Zfp598","hurdle",0.140790575474905,-1.5961031,-0.1520031,1.4441,0.711
"909","Tinagl1","hurdle",0.0872045453423713,-1.4160948,0.7655347,2.1816295,0.711
"486","Leprotl1","hurdle",0.142492882034366,-1.5961031,-0.1520031,1.4441,0.711
"243","Cxxc1","hurdle",0.0926555100677269,-1.7654291,-0.5145732,1.2508559,0.711
"163","Ccdc97","hurdle",0.0783347910800966,-1.7835082,-0.5145732,1.268935,0.711
"992","Vac14","hurdle",0.0918073538487211,-1.5644984,0.1375035,1.7020019,0.71
"1029","Zfp704","hurdle",0.146653107455948,-1.5644984,-0.1520031,1.4124953,0.709
"938","Tnrc18","hurdle",0.0991389908390423,-1.7835082,-0.5145732,1.268935,0.709
"130","Bag6","hurdle",0.18099933555815,-0.6978658,0.3785116,1.0763774,0.709
"935","Tmem69","hurdle",0.113500898198621,-1.7835082,-0.5145732,1.268935,0.708
"561","Ms4a6c","hurdle",0.116012296442459,-1.2944474,0.1375035,1.4319509,0.708
"503","Luc7l2","hurdle",0.138552651028674,-0.3627966,0.9259994,1.288796,0.708
"341","Fgd1","hurdle",0.151920051699028,-1.5644984,-0.1520031,1.4124953,0.708
"226","Csrnp1","hurdle",0.154674243533233,-1.548952,-0.1520031,1.3969489,0.708
"101","Arl6ip6","hurdle",0.149678051057193,-1.5644984,-0.1520031,1.4124953,0.708
"853","Src","hurdle",0.167709268166508,-1.4883892,-0.1520031,1.3363861,0.707
"773","Sco2","hurdle",0.104652497881674,-1.7654291,-0.5145732,1.2508559,0.707
"294","Ehmt2","hurdle",0.039673099517575,-0.8231629,0.5849625,1.4081254,0.707
"269","Dnajc11","hurdle",0.185692709196699,-0.6723758,0.3785116,1.0508874,0.707
"4","1110038B12Rik","hurdle",0.195568038193476,-0.2899177,0.7655347,1.0554524,0.707
"473","Klf5","hurdle",0.112347152489646,-0.1721065,1.3219281,1.4940346,0.706
"230","Ctnnbip1","hurdle",0.0277683778661709,-0.8231629,0.5849625,1.4081254,0.706
"795","Shkbp1","hurdle",0.110324300640811,-1.7475737,-0.5145732,1.2330005,0.705
"648","Pfkfb2","hurdle",0.107899449609173,-1.6952964,-0.5145732,1.1807232,0.705
"483","Ldb1","hurdle",0.117898817120633,-1.7475737,-0.5145732,1.2330005,0.705
"251","Dcaf10","hurdle",0.0164815217581004,-0.8045832,0.7655347,1.5701179,0.705
"31","Aak1","hurdle",0.0967210648911515,-0.9298623,0.3785116,1.3083739,0.705
"1001","Vps4a","hurdle",0.134132555205173,-1.7654291,-0.5145732,1.2508559,0.704
"596","Nln","hurdle",0.108442897242172,-1.7299366,-0.5145732,1.2153634,0.704
"12","2410004N09Rik","hurdle",0.158129780779038,-1.2186979,0.1375035,1.3562014,0.704
"958","Trove2","hurdle",0.123935199078247,-1.7299366,-0.5145732,1.2153634,0.703
"887","Tbc1d8b","hurdle",0.123935199078244,-1.7299366,-0.5145732,1.2153634,0.703
"674","Polr3a","hurdle",0.177798043692275,-1.4736376,-0.1520031,1.3216345,0.703
"607","Nudt18","hurdle",0.141180269839276,-1.4445793,0.1375035,1.5820828,0.703
"571","Myo16","hurdle",0.133092120807323,-1.7475737,-0.5145732,1.2330005,0.703
"867","Sucla2","hurdle",0.17828088625167,-1.4883892,-0.1520031,1.3363861,0.702
"736","Rhou","hurdle",0.178376193215389,-1.4883892,-0.1520031,1.3363861,0.702
"635","Pclo","hurdle",0.165570901815168,-1.5183528,-0.1520031,1.3663497,0.702
"96","Arih2","hurdle",0.134641826267183,-1.4445793,0.1375035,1.5820828,0.702
"15","2610005L07Rik","hurdle",0.0140043066305176,-1.1822643,0.5849625,1.7672268,0.702
"801","Sipa1l1","hurdle",0.182830241658113,-1.4736376,-0.1520031,1.3216345,0.701
"510","Map4k4","hurdle",0.178937524535327,-0.5435501,0.7655347,1.3090848,0.701
"472","Kif5b","hurdle",0.153941893982841,0.14708,1.201634,1.054554,0.701
"396","Gnl1","hurdle",0.182353085394415,-1.4736376,-0.1520031,1.3216345,0.701
"183","Chmp6","hurdle",0.184522351106119,-1.4590353,-0.1520031,1.3070322,0.701
"904","Thumpd3","hurdle",0.145419487104747,-1.6952964,-0.5145732,1.1807232,0.7
"729","Rexo4","hurdle",0.181088141275194,-1.4883892,-0.1520031,1.3363861,0.7
"428","Hmgb3","hurdle",0.117976034429849,-1.6782833,-0.5145732,1.1637101,0.7
"315","Etl4","hurdle",0.184009941529331,-1.4445793,-0.1520031,1.2925762,0.7
"292","Egln1","hurdle",0.117976034429852,-1.6782833,-0.5145732,1.1637101,0.7
"108","Atad1","hurdle",0.13813290696113,-1.7125126,-0.5145732,1.1979394,0.7
"77","Ap1m2","hurdle",0.108956003602161,-1.6614685,-0.5145732,1.1468953,0.7
"516","Mau2","hurdle",0.144675837221184,-1.6952964,-0.5145732,1.1807232,0.699
"1035","Zswim8","hurdle",0.206924166811359,-1.1467282,0.1375035,1.2842317,0.698
"642","Pdcd6","hurdle",0.222370971190811,0.03291462,1.07038933,1.03747471,0.698
"1024","Zfp329","hurdle",0.142970600208978,-1.6782833,-0.5145732,1.1637101,0.697
"249","Dazap2","hurdle",0.131534188038116,-1.6448474,-0.5145732,1.1302742,0.697
"874","Syf2","hurdle",0.201337793575253,-1.4302668,-0.1520031,1.2782637,0.696
"776","Sec14l1","hurdle",0.184818034032502,-1.4590353,-0.1520031,1.3070322,0.696
"630","Pbx2","hurdle",0.141021268623833,-1.6614685,-0.5145732,1.1468953,0.696
"564","Mtcl1","hurdle",0.148732344211724,-1.6448474,-0.5145732,1.1302742,0.696
"105","Arrdc4","hurdle",0.117175482581566,-1.5961031,-0.5145732,1.0815299,0.696
"73","Ankrd13a","hurdle",0.200513070814478,-1.3881618,-0.1520031,1.2361587,0.696
"40","Abhd6","hurdle",0.139595948372988,-1.6284156,-0.5145732,1.1138424,0.696
"834","Smad2","hurdle",0.138857704427547,-1.6448474,-0.5145732,1.1302742,0.695
"464","Kctd9","hurdle",0.137899550266808,-1.6284156,-0.5145732,1.1138424,0.695
"337","Fbxo17","hurdle",0.167925937841462,-1.6782833,-0.5145732,1.1637101,0.695
"420","Hcfc1r1","hurdle",0.0759089173308978,-0.8803824,0.7655347,1.6459171,0.694
"356","Foxk2","hurdle",0.135522131838377,-1.6121689,-0.5145732,1.0975957,0.694
"281","E130311K13Rik","hurdle",0.202097869184752,-1.4302668,-0.1520031,1.2782637,0.694
"265","Dhrsx","hurdle",0.167428463772322,-1.3472509,0.1375035,1.4847544,0.693
"177","Cdkn2a","hurdle",0.215525649903528,-1.3607594,-0.1520031,1.2087563,0.693
"170","Cdc27","hurdle",0.132986705701409,-1.5961031,-0.5145732,1.0815299,0.693
"57","Agtrap","hurdle",0.215937447583937,-1.3881618,-0.1520031,1.2361587,0.693
"932","Tmem5","hurdle",0.14298434762825,-1.6121689,-0.5145732,1.0975957,0.692
"765","S100a1","hurdle",0.0141474043525535,-3.0353069,-0.5145732,2.5207337,0.692
"541","Mif4gd","hurdle",0.198322140124709,-1.1120463,0.1375035,1.2495498,0.692
"277","Dusp3","hurdle",0.142984347628246,-1.6121689,-0.5145732,1.0975957,0.692
"266","Dhx38","hurdle",0.113062978994644,-1.3472509,0.3785116,1.7257625,0.692
"618","Oxsr1","hurdle",0.0346081437978874,-1.0342242,0.5849625,1.6191867,0.691
"578","Nadk","hurdle",0.208449866296446,-1.0893798,0.1375035,1.2268833,0.691
"223","Crtc2","hurdle",0.160268609327102,-1.5961031,-0.5145732,1.0815299,0.691
"997","Vmp1","hurdle",0.115600617006029,-1.548952,-0.5145732,1.0343788,0.69
"522","Mcm10","hurdle",0.148076723838999,-1.5644984,-0.5145732,1.0499252,0.69
"380","Glipr1","hurdle",0.0191784073386263,-2.7600492,-0.1520031,2.6080461,0.69
"220","Creb3","hurdle",0.213602224345124,-1.3206076,-0.1520031,1.1686045,0.69
"159","Ccdc25","hurdle",0.210908871182627,-1.0781787,0.1375035,1.2156822,0.69
"36","Abhd17a","hurdle",0.0203900282139693,-0.6227084,0.5849625,1.2076709,0.69
"1033","Znrd1","hurdle",0.234222641137742,-1.3607594,-0.1520031,1.2087563,0.689
"899","Tfam","hurdle",0.0613926913309453,-0.9198297,0.5849625,1.5047922,0.689
"427","Hmg20b","hurdle",0.122517088072598,-1.548952,-0.5145732,1.0343788,0.689
"403","Gpr35","hurdle",0.214405939885768,-1.3881618,-0.1520031,1.2361587,0.689
"240","Cul5","hurdle",0.23226714471541,-1.3607594,-0.1520031,1.2087563,0.689
"137","Bcl2l13","hurdle",0.229058505952238,-1.3743955,-0.1520031,1.2223924,0.689
"790","Sft2d1","hurdle",0.226449616221642,-1.0670639,0.1375035,1.2045674,0.688
"707","Pttg1ip","hurdle",0.222012520744781,-1.2944474,-0.1520031,1.1424443,0.688
"645","Pdlim1","hurdle",0.000994821420706934,-0.1900806,1.3219281,1.5120087,0.688
"640","Pdcd10","hurdle",0.24360219284445,-1.3338677,-0.1520031,1.1818646,0.688
"573","Myo5a","hurdle",0.196951135508139,-1.5961031,-0.5145732,1.0815299,0.688
"437","Hyal1","hurdle",0.238015683741978,-1.3206076,-0.1520031,1.1686045,0.688
"391","Gm7367","hurdle",0.213398078489203,-1.056034,0.1375035,1.1935375,0.688
"775","Sde2","hurdle",0.171955147225071,-1.548952,-0.5145732,1.0343788,0.686
"559","Mrps36","hurdle",0.124827579439978,-1.056034,0.1375035,1.1935375,0.686
"517","Max","hurdle",0.246943717394619,-1.3206076,-0.1520031,1.1686045,0.686
"401","Gpatch8","hurdle",0.243560325404924,-1.281543,-0.1520031,1.1295399,0.686
"676","Pop4","hurdle",0.035992256607567,-0.590522,0.5849625,1.1754845,0.685
"663","Plat","hurdle",0.0376494884425796,-2.8716534,-0.5145732,2.3570802,0.685
"424","Hes2","hurdle",0.1681540614225,-1.5183528,-0.5145732,1.0037796,0.685
"361","Fxn","hurdle",0.15647105375899,-1.5183528,-0.5145732,1.0037796,0.685
"212","Commd7","hurdle",0.182810460096509,-1.5644984,-0.5145732,1.0499252,0.685
"165","Cd151","hurdle",0.190409954802047,-0.6308685,0.3785116,1.0093801,0.685
"43","Acaa1a","hurdle",0.19155857539328,-1.548952,-0.5145732,1.0343788,0.685
"778","Sec63","hurdle",0.188588848661691,-1.5183528,-0.5145732,1.0037796,0.684
"730","Rfc4","hurdle",0.179199082516992,-1.5335713,-0.5145732,1.0189981,0.684
"683","Ppme1","hurdle",0.179199082516987,-1.5335713,-0.5145732,1.0189981,0.684
"458","Jak1","hurdle",0.269287763981834,-1.2687531,-0.1520031,1.11675,0.684
"447","Ipo9","hurdle",0.25520718864731,-1.3074682,-0.1520031,1.1554651,0.684
"383","Gltp","hurdle",0.18030736050619,-1.548952,-0.5145732,1.0343788,0.684
"80","Aph1a","hurdle",0.254749630125864,-1.3206076,-0.1520031,1.1686045,0.684
"48","Acvr1c","hurdle",0.18030736050619,-1.548952,-0.5145732,1.0343788,0.684
"47","Actr1a","hurdle",0.0776770291027875,-0.9707057,0.3785116,1.3492173,0.684
"680","Ppfibp1","hurdle",0.200234146553363,-1.548952,-0.5145732,1.0343788,0.683
"602","Npl","hurdle",0.00247107898605338,-2.6235223,0.9259994,3.5495217,0.682
"581","Napa","hurdle",0.161905782213299,-0.09106747,1.07038933,1.1614568,0.682
"524","Mdm2","hurdle",0.257044882010979,-0.841985,0.3785116,1.2204966,0.682
"366","Galk1","hurdle",0.068940269880583,-0.7771547,0.7655347,1.5426894,0.682
"336","Fbxo15","hurdle",0.0440301436765898,-2.871653,-1,1.871653,0.682
"284","Echdc2","hurdle",0.260827561396072,-1.3074682,-0.1520031,1.1554651,0.682
"134","BC018473","hurdle",0.186582456299169,-1.5183528,-0.5145732,1.0037796,0.682
"55","Afmid","hurdle",0.0483411499388739,-2.7600492,-0.5145732,2.245476,0.682
"9","2310011J03Rik","hurdle",0.269725276070648,-1.281543,-0.1520031,1.1295399,0.682
"901","Tfg","hurdle",0.225990159392069,-1.2064509,0.1375035,1.3439544,0.681
"189","Cited1","hurdle",0.182701382373933,-1.0127391,0.7655347,1.7782738,0.681
"19","4831440E17Rik","hurdle",0.273394856649926,-1.281543,-0.1520031,1.1295399,0.68
"849","Sord","hurdle",0.0521170335950356,-2.5289889,-0.1520031,2.3769858,0.679
"556","Mrpl55","hurdle",0.283361050686073,-1.2560755,-0.1520031,1.1040724,0.679
"954","Trim8","hurdle",0.241658852763026,-1.1822643,0.1375035,1.3197678,0.678
"830","Slco3a1","hurdle",0.0548257444514033,-2.656462,-0.1520031,2.5044589,0.678
"567","Mtpn","hurdle",0.271401148096319,-1.2186979,-0.1520031,1.0666948,0.678
"550","Mocs3","hurdle",0.0491680172669705,-2.724687,-1,1.724687,0.678
"536","Mfap3","hurdle",0.198957030340006,-0.9707057,0.1375035,1.1082092,0.678
"990","Usp16","hurdle",0.241354007801119,-0.9603859,0.1375035,1.0978894,0.677
"764","Rtn2","hurdle",0.058423119134752,-2.690171,-1,1.690171,0.677
"275","Dpp7","hurdle",0.0745311703128235,-2.656462,-0.5145732,2.1418888,0.677
"248","Daglb","hurdle",0.0583307046752936,-2.724687,-1,1.724687,0.677
"228","Cstb","hurdle",0.240412451618479,-0.05768314,1.20163386,1.259317,0.677
"499","Lrrfip1","hurdle",0.285692631674479,-0.9298623,0.1375035,1.0673658,0.676
"460","Jup","hurdle",0.091351787701427,-0.4758408,0.5849625,1.0608033,0.676
"250","Dazl","hurdle",0.0647341349069388,-2.591318,-0.1520031,2.4393149,0.676
"777","Sec62","hurdle",0.183459540311813,0.5842577,1.6322682,1.0480105,0.675
"634","Pcdhb5","hurdle",0.294475074787776,-1.2310499,-0.1520031,1.0790468,0.675
"719","Rassf3","hurdle",0.259069981637153,-1.1350747,0.1375035,1.2725782,0.673
"603","Nprl3","hurdle",0.0941190419003138,-2.5598169,-0.5145732,2.0452437,0.673
"449","Isg15","hurdle",0.163855515032219,-0.8325433,0.3785116,1.2110549,0.673
"328","Fam213a","hurdle",0.0666057156028905,-2.5598169,-0.1520031,2.4078138,0.673
"276","Dsp","hurdle",0.293094807836209,-1.0450879,0.1375035,1.1825914,0.673
"257","Degs1","hurdle",0.0651026181035974,-0.46851,0.5849625,1.0534725,0.673
"28","A630072M18Rik","hurdle",0.326332390572156,-1.1584765,-0.1520031,1.0064734,0.673
"835","Smarce1","hurdle",0.303651141679615,-1.1943069,-0.1520031,1.0423038,0.672
"703","Ptpn14","hurdle",0.310496680736803,-1.1822643,-0.1520031,1.0302612,0.672
"675","Pomt2","hurdle",0.0995982172283036,-2.5289889,-0.5145732,2.0144157,0.672
"673","Polr2g","hurdle",0.0478227863619962,-0.7681265,0.5849625,1.353089,0.672
"523","Mcur1","hurdle",0.0856995388317688,-2.656462,-1,1.656462,0.672
"160","Ccdc34","hurdle",0.100705030106833,-0.8045832,0.5849625,1.3895457,0.672
"39","Abhd5","hurdle",0.0511794480984209,-2.3566935,-0.1520031,2.2046904,0.672
"873","Svopl","hurdle",0.0847144623650631,-2.623522,-1,1.623522,0.671
"539","Mfsd2b","hurdle",0.222241371786836,-1.1584765,0.1375035,1.29598,0.671
"426","Hmbs","hurdle",0.320662914916729,-1.1943069,-0.1520031,1.0423038,0.671
"196","Clic5","hurdle",0.0847144623650637,-2.623522,-1,1.623522,0.671
"109","Atf3","hurdle",0.107369556729521,-2.4988059,-0.5145732,1.9842327,0.671
"927","Tmem186","hurdle",0.0822255333165486,-2.559817,-1,1.559817,0.67
"781","Selt","hurdle",0.336721957799759,-1.1584765,-0.1520031,1.0064734,0.67
"771","Scamp3","hurdle",0.274649623783124,-1.1006685,0.1375035,1.238172,0.67
"22","6820431F20Rik","hurdle",0.0428359946160346,-0.4324046,0.5849625,1.0173671,0.67
"21","5730507C01Rik","hurdle",0.319735113459871,-1.1703214,-0.1520031,1.0183183,0.67
"13","2510002D24Rik","hurdle",0.325889199044219,-1.1584765,-0.1520031,1.0064734,0.67
"586","Ndc1","hurdle",0.0943306189126408,-2.591318,-1,1.591318,0.669
"547","Mmel1","hurdle",0.0943306189126381,-2.591318,-1,1.591318,0.669
"926","Tmem183a","hurdle",0.327350669556302,-1.1822643,-0.1520031,1.0302612,0.668
"525","Me1","hurdle",0.247686313839228,-1.0342242,0.3785116,1.4127358,0.668
"434","Hsd3b7","hurdle",0.123004290465825,-2.4402706,-0.5145732,1.9256974,0.668
"409","Gskip","hurdle",0.12081011024301,-2.4402706,-0.5145732,1.9256974,0.668
"81","Apob","hurdle",0.123004290465829,-2.4402706,-0.5145732,1.9256974,0.668
"519","Mboat2","hurdle",0.104324768676762,-2.559817,-1,1.559817,0.667
"1018","Zfand5","hurdle",0.138008866832963,-0.7862397,0.3785116,1.1647513,0.666
"507","Maged2","hurdle",0.130826761561687,-2.4118702,-0.5145732,1.897297,0.666
"311","Eral1","hurdle",0.130826761561688,-2.4118702,-0.5145732,1.897297,0.666
"23","9230112J17Rik","hurdle",0.114677854646149,-2.528989,-1,1.528989,0.666
"530","Med16","hurdle",0.217681567033167,-1.0450879,0.3785116,1.4235995,0.665
"415","Hap1","hurdle",0.112961706758241,-2.498806,-1,1.498806,0.665
"264","Dhrs7","hurdle",0.143316679673248,-2.3566935,-0.5145732,1.8421203,0.665
"1002","Vps8","hurdle",0.105723407711029,-2.3298768,-0.1520031,2.1778737,0.664
"745","Rnf150","hurdle",0.12537121213423,-2.498806,-1,1.498806,0.664
"509","Map3k2","hurdle",0.137394361731973,-2.3840181,-0.5145732,1.8694449,0.664
"344","Filip1l","hurdle",0.124504475909416,-2.469241,-1,1.469241,0.664
"307","Ephb3","hurdle",0.0731980314153927,-2.3298768,0.1375035,2.4673803,0.664
"178","Cdr2","hurdle",0.126516423990901,-2.528989,-1,1.528989,0.664
"991","Usp3","hurdle",0.13756898483722,-2.498806,-1,1.498806,0.663
"825","Slc4a2","hurdle",0.065768006666144,-2.3298768,0.1375035,2.4673803,0.663
"653","Pigw","hurdle",0.122487220804121,-2.440271,-1,1.440271,0.663
"406","Greb1l","hurdle",0.123596544225586,-2.469241,-1,1.469241,0.663
"153","Cat","hurdle",0.146389238067601,-2.3566935,-0.5145732,1.8421203,0.663
"44","Accs","hurdle",0.133619974327305,-2.3840181,-0.5145732,1.8694449,0.663
"968","Tvp23b","hurdle",0.15970049312609,-2.3035496,-0.5145732,1.7889764,0.662
"791","Sgk3","hurdle",0.149362490745305,-2.498806,-1,1.498806,0.662
"698","Pskh1","hurdle",0.136386557066561,-2.469241,-1,1.469241,0.662
"87","Arhgap10","hurdle",0.161057552405324,-2.3035496,-0.5145732,1.7889764,0.662
"885","Tbc1d20","hurdle",0.148924519837096,-2.469241,-1,1.469241,0.661
"598","Nol12","hurdle",0.13090449256166,0.1132804,1.3219281,1.2086477,0.661
"580","Nagk","hurdle",0.134555069653038,-2.440271,-1,1.440271,0.661
"549","Mmrn2","hurdle",0.134555069653038,-2.440271,-1,1.440271,0.661
"214","Copa","hurdle",0.257582567857951,-0.9915693,0.3785116,1.3700809,0.661
"83","Apool","hurdle",0.13455506965304,-2.440271,-1,1.440271,0.661
"925","Tmem181c-ps","hurdle",0.161732108683388,-2.3035496,-0.5145732,1.7889764,0.66
"818","Slc38a7","hurdle",0.0936432567255224,-2.0418202,-0.1520031,1.8898171,0.66
"743","Rnf130","hurdle",0.043136891372415,-2.0202225,0.1375035,2.157726,0.66
"306","Epha4","hurdle",0.174960104127004,-2.2522939,-0.5145732,1.7377207,0.66
"75","Anxa7","hurdle",0.107313492455772,-0.6145942,0.5849625,1.1995567,0.66
"29","A930005H10Rik","hurdle",0.147705975681773,-2.440271,-1,1.440271,0.66
"982","Ugdh","hurdle",0.14581934831271,-2.41187,-1,1.41187,0.659
"894","Tdh","hurdle",0.00234949891470197,-1.765429,1.201634,2.967063,0.659
"924","Tmem181a","hurdle",0.17673914943051,-2.2522939,-0.5145732,1.7377207,0.658
"662","Pla2g10","hurdle",0.158364004283192,-2.384018,-1,1.384018,0.658
"574","Myo6","hurdle",0.185678144606622,-2.2273332,-0.5145732,1.71276,0.658
"484","Leng8","hurdle",0.159311915396035,-2.41187,-1,1.41187,0.658
"376","Gins2","hurdle",0.286297384336519,-0.6808225,0.3785116,1.0593341,0.658
"221","Crebrf","hurdle",0.157371806196804,-2.384018,-1,1.384018,0.658
"176","Cdkn1a","hurdle",0.174105308773233,-0.3764521,0.9259994,1.3024515,0.658
"91","Arhgef11","hurdle",0.157371806196806,-2.384018,-1,1.384018,0.658
"691","Procr","hurdle",0.154830194175962,-2.356694,-1,1.356694,0.657
"684","Ppp1r16b","hurdle",0.15483019417596,-2.356694,-1,1.356694,0.657
"965","Tstd2","hurdle",0.193370142293239,-2.2027969,-0.5145732,1.6882237,0.656
"798","Siae","hurdle",0.171187176628883,-2.384018,-1,1.384018,0.656
"682","Ppm1f","hurdle",0.184084867949814,-2.2273332,-0.5145732,1.71276,0.656
"632","Pcbp3","hurdle",0.169195222034658,-2.356694,-1,1.356694,0.656
"629","Paxbp1","hurdle",0.171187176628876,-2.384018,-1,1.384018,0.656
"373","Gcnt1","hurdle",0.0673025208682794,-1.9989435,-0.1520031,1.8469404,0.656
"300","Emp2","hurdle",0.201035729353855,-2.178671,-0.5145732,1.6640978,0.656
"180","Cep57l1","hurdle",0.167952061513398,-2.329877,-1,1.329877,0.656
"45","Acer3","hurdle",0.0985870270883584,-2.2273332,-0.1520031,2.0753301,0.656
"35","Abcf3","hurdle",0.16425265151446,-2.2522939,-0.5145732,1.7377207,0.656
"1034","Znrf1","hurdle",0.191310278696733,-2.2027969,-0.5145732,1.6882237,0.655
"1014","Yipf6","hurdle",0.19131027869673,-2.2027969,-0.5145732,1.6882237,0.655
"893","Tcn2","hurdle",0.204689007020597,-2.178671,-0.5145732,1.6640978,0.655
"822","Slc39a8","hurdle",0.178473958520103,-2.2273332,-0.5145732,1.71276,0.655
"686","Ppp2r5b","hurdle",0.0780382137459992,-2.178671,0.1375035,2.3161745,0.655
"610","Nutf2","hurdle",0.306205270844161,-1.0021154,0.1375035,1.1396189,0.655
"413","Gtpbp6","hurdle",0.191310278696733,-2.2027969,-0.5145732,1.6882237,0.655
"397","Golga5","hurdle",0.178473958520108,-2.2273332,-0.5145732,1.71276,0.655
"37","Abhd17c","hurdle",0.183314905431121,-2.356694,-1,1.356694,0.655
"930","Tmem263","hurdle",0.184914681830719,-2.2027969,-0.5145732,1.6882237,0.654
"445","Inpp5f","hurdle",0.163427844074947,-2.30355,-1,1.30355,0.654
"125","B4galnt1","hurdle",0.181272720055385,-2.329877,-1,1.329877,0.654
"912","Tmbim6","hurdle",0.00232882483944907,-0.04127628,1.20163386,1.24291014,0.653
"841","Snapc2","hurdle",0.195678586784596,-2.329877,-1,1.329877,0.653
"815","Slc25a44","hurdle",0.197030890171773,-2.356694,-1,1.356694,0.653
"521","Mcfd2","hurdle",0.0759158980104139,-1.9168334,-0.1520031,1.7648303,0.652
"319","Exosc4","hurdle",0.386499537561129,-0.9098662,0.1375035,1.0473697,0.652
"1022","Zfp263","hurdle",0.210649654785378,-2.1315969,-0.5145732,1.6170237,0.651
"692","Prodh2","hurdle",0.197365359988014,-2.154942,-0.5145732,1.6403688,0.651
"625","Pank1","hurdle",0.190852479521841,-2.277694,-1,1.277694,0.651
"619","P2rx7","hurdle",0.190852479521843,-2.277694,-1,1.277694,0.651
"331","Fam58b","hurdle",0.208262038468707,-2.30355,-1,1.30355,0.651
"314","Erlin2","hurdle",0.187543049230523,-2.252294,-1,1.252294,0.651
"310","Ept1","hurdle",0.229496193234579,-2.1086235,-0.5145732,1.5940503,0.651
"152","Cast","hurdle",0.231167263763441,-2.1086235,-0.5145732,1.5940503,0.651
"67","Alg8","hurdle",0.23763506619631,-2.0637461,-0.5145732,1.5491729,0.651
"2","0610011F06Rik","hurdle",0.207217080795551,-2.277694,-1,1.277694,0.651
"439","Idh2","hurdle",0.206124147970831,-2.277694,-1,1.277694,0.65
"10","2410003L11Rik","hurdle",0.206124147970831,-2.277694,-1,1.277694,0.65
"952","Trim52","hurdle",0.218816618161476,-2.1086235,-0.5145732,1.5940503,0.649
"886","Tbc1d23","hurdle",0.219982112093446,-2.252294,-1,1.252294,0.649
"205","Cnpy2","hurdle",0.239445228794892,-0.6227084,0.3785116,1.00122,0.649
"127","B4galt5","hurdle",0.249085815333484,-2.0637461,-0.5145732,1.5491729,0.649
"124","B3glct","hurdle",0.199947432045111,-2.227333,-1,1.227333,0.649
"998","Vps13d","hurdle",0.235466940995734,-2.277694,-1,1.277694,0.648
"985","Unkl","hurdle",0.218865996996643,-2.252294,-1,1.252294,0.648
"913","Tmc2","hurdle",0.218865996996658,-2.252294,-1,1.252294,0.648
"911","Tln2","hurdle",0.0726198486049477,-1.839146,-0.1520031,1.6871429,0.648
"889","Tbccd1","hurdle",0.216011762575199,-2.227333,-1,1.227333,0.648
"812","Slc25a1","hurdle",0.358542573434076,-0.8231629,0.3785116,1.2016745,0.648
"802","Sipa1l2","hurdle",0.218865996996642,-2.252294,-1,1.252294,0.648
"792","Sh3d19","hurdle",0.157598602953983,-2.0418202,-0.1520031,1.8898171,0.648
"696","Prr5","hurdle",0.23546694099574,-2.277694,-1,1.277694,0.648
"671","Polk","hurdle",0.256572226200251,-1.9779737,-0.5145732,1.4634005,0.648
"86","Arfip1","hurdle",0.218865996996655,-2.252294,-1,1.252294,0.648
"74","Ankrd16","hurdle",0.216011762575188,-2.227333,-1,1.227333,0.648
"706","Ptprcap","hurdle",0.234025154429008,-2.252294,-1,1.252294,0.647
"650","Phf3","hurdle",0.132200981419642,-0.5130641,0.5849625,1.0980266,0.647
"638","Pcyt1a","hurdle",0.255298816048263,-2.0418202,-0.5145732,1.527247,0.647
"553","Mrpl23","hurdle",0.399653120787075,-0.8901435,0.1375035,1.027647,0.647
"518","Mb21d1","hurdle",0.234025154429011,-2.252294,-1,1.252294,0.647
"151","Cars2","hurdle",0.231797755654805,-2.227333,-1,1.227333,0.647
"148","Camta2","hurdle",0.234025154428998,-2.252294,-1,1.252294,0.647
"97","Arl14ep","hurdle",0.212561644289112,-2.202797,-1,1.202797,0.647
"42","Abr","hurdle",0.234025154429011,-2.252294,-1,1.252294,0.647
"38","Abhd4","hurdle",0.234025154428994,-2.252294,-1,1.252294,0.647
"999","Vps26a","hurdle",0.20857258819015,-2.178671,-1,1.178671,0.646
"994","Vezt","hurdle",0.228887012612812,-2.202797,-1,1.202797,0.646
"552","Mpp1","hurdle",0.231619917130052,-2.0637461,-0.5145732,1.5491729,0.646
"317","Exoc8","hurdle",0.225584102598689,-2.154942,-1,1.154942,0.646
"273","Dnmbp","hurdle",0.208572588190147,-2.178671,-1,1.178671,0.646
"136","Bcl11a","hurdle",0.228887012612825,-2.202797,-1,1.202797,0.646
"814","Slc25a37","hurdle",0.243489875794213,-2.178671,-1,1.178671,0.645
"747","Rnf215","hurdle",0.244904186289595,-2.202797,-1,1.202797,0.645
"744","Rnf139","hurdle",0.220355493222719,-2.0637461,-0.5145732,1.5491729,0.645
"656","Pip4k2b","hurdle",0.244904186289584,-2.202797,-1,1.202797,0.645
"505","Mad2l2","hurdle",0.0801010979602008,-1.7835082,-0.1520031,1.6315051,0.645
"429","Hnrnph2","hurdle",0.244904186289598,-2.202797,-1,1.202797,0.645
"156","Ccdc112","hurdle",0.223573144222772,-2.154942,-1,1.154942,0.645
"132","BC005561","hurdle",0.259193906938519,-2.0202225,-0.5145732,1.5056493,0.645
"131","BB283400","hurdle",0.246931225055618,-2.0418202,-0.5145732,1.527247,0.645
"112","Atg9a","hurdle",0.225370071764243,-2.178671,-1,1.178671,0.645
"106","Asah1","hurdle",0.247174069371671,-2.227333,-1,1.227333,0.645
"54","Adpgk","hurdle",0.247174069371685,-2.227333,-1,1.227333,0.645
"1015","Ypel2","hurdle",0.260481246497741,-2.202797,-1,1.202797,0.644
"976","Ube2g1","hurdle",0.225673388048738,-2.0418202,-0.5145732,1.527247,0.644
"903","Thap1","hurdle",0.241938875896557,-2.178671,-1,1.178671,0.644
"897","Tex2","hurdle",0.225673388048741,-2.0418202,-0.5145732,1.527247,0.644
"833","Slx4","hurdle",0.261977743033098,-2.227333,-1,1.227333,0.644
"655","Pin1rt1","hurdle",0.237760936374753,-2.0418202,-0.5145732,1.527247,0.644
"637","Pctp","hurdle",0.241938875896553,-2.178671,-1,1.178671,0.644
"408","Gsdma","hurdle",0.261977743033079,-2.227333,-1,1.227333,0.644
"388","Gm3336","hurdle",0.24193887589655,-2.178671,-1,1.178671,0.644
"287","Eda2r","hurdle",0.261977743033094,-2.227333,-1,1.227333,0.644
"282","E2f1","hurdle",0.24193887589655,-2.178671,-1,1.178671,0.644
"206","Cnr1","hurdle",0.253701675241842,-2.0202225,-0.5145732,1.5056493,0.644
"79","Ap5z1","hurdle",0.253701675241854,-2.0202225,-0.5145732,1.5056493,0.644
"76","Aoc3","hurdle",0.260481246497745,-2.202797,-1,1.202797,0.644
"64","Aldh5a1","hurdle",0.260481246497737,-2.202797,-1,1.202797,0.644
"51","Adamts2","hurdle",0.260481246497737,-2.202797,-1,1.202797,0.644
"971","Txnrd2","hurdle",0.243721123627034,-2.0202225,-0.5145732,1.5056493,0.643
"922","Tmem177","hurdle",0.258170363821895,-2.178671,-1,1.178671,0.643
"881","Taok3","hurdle",0.238357417580117,-2.154942,-1,1.154942,0.643
"813","Slc25a33","hurdle",0.284883411817359,-1.9779737,-0.5145732,1.4634005,0.643
"110","Atg13","hurdle",0.236528113640618,-2.131597,-1,1.131597,0.643
"842","Snhg9","hurdle",0.275454500186072,-2.202797,-1,1.202797,0.642
"520","Mcee","hurdle",0.281457767307293,-1.9779737,-0.5145732,1.4634005,0.642
"443","Immp1l","hurdle",0.275454500186056,-2.202797,-1,1.202797,0.642
"407","Grina","hurdle",0.25515240014496,-2.154942,-1,1.154942,0.642
"335","Fbrsl1","hurdle",0.275454500186076,-2.202797,-1,1.202797,0.642
"181","Chd7","hurdle",0.404854094178654,-0.8706868,0.1375035,1.0081903,0.642
"981","Ubtd2","hurdle",0.271581671449866,-2.154942,-1,1.154942,0.641
"937","Tnfrsf12a","hurdle",0.354292058013005,-0.1721065,0.9259994,1.0981059,0.641
"918","Tmem101","hurdle",0.271581671449866,-2.154942,-1,1.154942,0.641
"875","Szt2","hurdle",0.247301592468877,-2.108624,-1,1.108624,0.641
"711","Qrsl1","hurdle",0.289059689691985,-2.178671,-1,1.178671,0.641
"644","Pdia5","hurdle",0.271581671449866,-2.154942,-1,1.154942,0.641
"462","Kat6a","hurdle",0.289240903639938,-1.9573044,-0.5145732,1.4427312,0.641
"436","Htr4","hurdle",0.251508697661472,-2.131597,-1,1.131597,0.641
"172","Cdc42se2","hurdle",0.266686676182844,-1.9779737,-0.5145732,1.4634005,0.641
"138","Bid","hurdle",0.249495916624323,-1.9989435,-0.5145732,1.4843703,0.641
"61","Akap8l","hurdle",0.267548658440932,-2.08601,-1,1.08601,0.641
"907","Timp2","hurdle",0.325921530528748,-1.8581792,-0.5145732,1.343606,0.64
"589","Neo1","hurdle",0.287512308788812,-2.154942,-1,1.154942,0.64
"513","Mapkap1","hurdle",0.255081314721549,-1.9779737,-0.5145732,1.4634005,0.64
"494","Lrch2","hurdle",0.262918598966343,-2.08601,-1,1.08601,0.64
"451","Itfg3","hurdle",0.255081314721553,-1.9779737,-0.5145732,1.4634005,0.64
"421","Hdac7","hurdle",0.323973482914011,-1.8774668,-0.5145732,1.3628936,0.64
"333","Fanci","hurdle",0.303345112906659,-2.178671,-1,1.178671,0.64
"225","Csad","hurdle",0.155115425504546,-1.936927,-0.1520031,1.7849239,0.64
"950","Trim11","hurdle",0.30201868320981,-2.131597,-1,1.131597,0.639
"741","Rmi1","hurdle",0.285123796536849,-2.131597,-1,1.131597,0.639
"700","Psmb11","hurdle",0.240533259097336,-1.9779737,-0.5145732,1.4634005,0.639
"665","Plekhh2","hurdle",0.285123796536837,-2.131597,-1,1.131597,0.639
"466","Kdelr1","hurdle",0.363449783695548,-0.8803824,0.1375035,1.0178859,0.639
"387","Gm16523","hurdle",0.302779333705823,-2.154942,-1,1.154942,0.639
"267","Dmxl1","hurdle",0.285123796536833,-2.131597,-1,1.131597,0.639
"179","Cep152","hurdle",0.285123796536837,-2.131597,-1,1.131597,0.639
"140","Bmpr2","hurdle",0.285123796536849,-2.131597,-1,1.131597,0.639
"50","Adam5","hurdle",0.138941362146306,-1.936927,-0.1520031,1.7849239,0.639
"34","Abcc4","hurdle",0.285123796536841,-2.131597,-1,1.131597,0.639
"746","Rnf185","hurdle",0.155368849141819,-1.9168334,-0.1520031,1.7648303,0.638
"735","Rhot2","hurdle",0.301207910803822,-2.131597,-1,1.131597,0.638
"395","Gng12","hurdle",0.282006160542139,-2.108624,-1,1.108624,0.638
"389","Gm5512","hurdle",0.300021966411085,-2.108624,-1,1.108624,0.638
"289","Eef2k","hurdle",0.301207910803809,-2.131597,-1,1.131597,0.638
"194","Clec2d","hurdle",0.289250592015553,-1.936927,-0.5145732,1.4223538,0.638
"182","Chek2","hurdle",0.278244663127324,-2.08601,-1,1.08601,0.638
"25","9930021J03Rik","hurdle",0.278244663127332,-2.08601,-1,1.08601,0.638
"785","Sept9","hurdle",0.29878272673972,-2.108624,-1,1.108624,0.637
"770","Sbno2","hurdle",0.297272823994055,-2.08601,-1,1.08601,0.637
"740","Ripk1","hurdle",0.293860284899469,-2.063746,-1,1.063746,0.637
"710","Pxdn","hurdle",0.298782726739707,-2.108624,-1,1.108624,0.637
"704","Ptpn21","hurdle",0.297272823994076,-2.08601,-1,1.08601,0.637
"584","Ncapg2","hurdle",0.336654872530856,-1.8581792,-0.5145732,1.343606,0.637
"512","Mapk9","hurdle",0.298782726739707,-2.108624,-1,1.108624,0.637
"485","Leprel4","hurdle",0.139203398644827,-1.9168334,-0.1520031,1.7648303,0.637
"463","Kctd20","hurdle",0.295618018206996,-2.08601,-1,1.08601,0.637
"69","Alpl","hurdle",0.29727282399405,-2.08601,-1,1.08601,0.637
"973","Tyro3","hurdle",0.311013140243707,-2.063746,-1,1.063746,0.636
"878","Taf2","hurdle",0.31254474628449,-2.08601,-1,1.08601,0.636
"824","Slc45a4","hurdle",0.21995842350615,-1.8203606,-0.1520031,1.6683575,0.636
"758","Rpusd2","hurdle",0.315005201099711,-2.108624,-1,1.108624,0.636
"693","Prorsd1","hurdle",0.284702767240812,-1.9168334,-0.5145732,1.4022602,0.636
"688","Prf1","hurdle",0.315005201099704,-2.108624,-1,1.108624,0.636
"678","Ppap2b","hurdle",0.312544746284481,-2.08601,-1,1.08601,0.636
"548","Mmgt1","hurdle",0.31254474628449,-2.08601,-1,1.08601,0.636
"450","Itch","hurdle",0.311013140243729,-2.063746,-1,1.063746,0.636
"392","Gm8615","hurdle",0.270668969211509,-1.9168334,-0.5145732,1.4022602,0.636
"359","Ftsj1","hurdle",0.311415684128362,-1.8970158,-0.5145732,1.3824426,0.636
"274","Dpm3","hurdle",0.291800907193851,-2.063746,-1,1.063746,0.636
"222","Crnkl1","hurdle",0.139310121119336,-1.8970158,-0.1520031,1.7450127,0.636
"88","Arhgap17","hurdle",0.323881863268239,-1.8774668,-0.5145732,1.3628936,0.636
"837","Smg6","hurdle",0.349814397840163,-1.839146,-0.5145732,1.3245728,0.635
"468","Kdm4a","hurdle",0.318396902548374,-1.8774668,-0.5145732,1.3628936,0.635
"202","Cndp2","hurdle",0.189637309988638,-1.839146,-0.1520031,1.6871429,0.635
"162","Ccdc88a","hurdle",0.290303170092298,-1.8970158,-0.5145732,1.3824426,0.635
"135","Bcdin3d","hurdle",0.330507551632065,-2.108624,-1,1.108624,0.635
"94","Arid3b","hurdle",0.253699796960903,-1.9168334,-0.5145732,1.4022602,0.635
"923","Tmem179b","hurdle",0.326396432402181,-2.063746,-1,1.063746,0.634
"831","Slfn2","hurdle",0.235246994454666,-1.7835082,-0.1520031,1.6315051,0.634
"659","Pitpnc1","hurdle",0.326294240002911,-2.04182,-1,1.04182,0.634
"532","Medag","hurdle",0.305464195348651,-2.04182,-1,1.04182,0.634
"495","Lrp6","hurdle",0.32889077737505,-2.08601,-1,1.08601,0.634
"465","Kdelc1","hurdle",0.328890777375045,-2.08601,-1,1.08601,0.634
"378","Git2","hurdle",0.328890777375054,-2.08601,-1,1.08601,0.634
"239","Cul4a","hurdle",0.308449039283318,-1.8774668,-0.5145732,1.3628936,0.634
"167","Cd300lf","hurdle",0.328890777375054,-2.08601,-1,1.08601,0.634
"122","Atxn1l","hurdle",0.344875275622975,-1.839146,-0.5145732,1.3245728,0.634
"17","2810006K23Rik","hurdle",0.328890777375031,-2.08601,-1,1.08601,0.634
"983","Ugp2","hurdle",0.341615668764855,-2.04182,-1,1.04182,0.633
"861","Star","hurdle",0.323142973780074,-2.04182,-1,1.04182,0.633
"860","Stam2","hurdle",0.314427350903636,-1.8581792,-0.5145732,1.343606,0.633
"821","Slc39a14","hurdle",0.325164960474105,-1.8581792,-0.5145732,1.343606,0.633
"759","Rragd","hurdle",0.1909906611513,-1.8203606,-0.1520031,1.6683575,0.633
"623","Pacs2","hurdle",0.314427350903623,-1.8581792,-0.5145732,1.343606,0.633
"579","Nae1","hurdle",0.102630629527565,-1.5802142,-0.1520031,1.4282111,0.633
"338","Fbxo21","hurdle",0.373270715538797,-1.7835082,-0.5145732,1.268935,0.633
"305","Epb4.1","hurdle",0.341615668764855,-2.04182,-1,1.04182,0.633
"297","Elmo2","hurdle",0.280063188301105,-1.8774668,-0.5145732,1.3628936,0.633
"947","Trappc2l","hurdle",0.0876528329493958,-1.5802142,-0.1520031,1.4282111,0.632
"895","Tdp2","hurdle",0.358533193253296,-2.063746,-1,1.063746,0.632
"865","Strada","hurdle",0.359130552246328,-2.08601,-1,1.08601,0.632
"752","Rora","hurdle",0.358533193253275,-2.063746,-1,1.063746,0.632
"538","Mfsd1","hurdle",0.00246882361593336,-1.5335713,0.5849625,2.1185338,0.632
"370","Gba","hurdle",0.340324651895755,-2.04182,-1,1.04182,0.632
"339","Fbxo28","hurdle",0.340324651895755,-2.04182,-1,1.04182,0.632
"298","Elp6","hurdle",0.340324651895755,-2.04182,-1,1.04182,0.632
"188","Cisd3","hurdle",0.300879699665684,-1.8581792,-0.5145732,1.343606,0.632
"953","Trim60","hurdle",0.33656118479775,-1.8203606,-0.5145732,1.3057874,0.631
"723","Rcan1","hurdle",0.320189926741399,-1.839146,-0.5145732,1.3245728,0.631
"534","Mettl21e","hurdle",0.337029463443014,-2.020223,-1,1.020223,0.631
"171","Cdc42bpg","hurdle",0.356874622318194,-2.04182,-1,1.04182,0.631
"1007","Wdfy3","hurdle",0.288645317179425,-1.839146,-0.5145732,1.3245728,0.63
"819","Slc38a9","hurdle",0.354316557837092,-2.020223,-1,1.020223,0.63
"325","Fam193b","hurdle",0.0726103743606767,-1.4445793,0.1375035,1.5820828,0.63
"270","Dnajc18","hurdle",0.372625689361622,-2.04182,-1,1.04182,0.63
"71","Anapc4","hurdle",0.354316557837072,-2.020223,-1,1.020223,0.63
"995","Vim","hurdle",0.174224723933979,-1.2064509,0.3785116,1.5849625,0.629
"562","Msrb1","hurdle",0.367880264955516,-1.7835082,-0.5145732,1.268935,0.629
"987","Upp1","hurdle",0.239510244861007,-1.4736376,-0.1520031,1.3216345,0.628
"939","Tns3","hurdle",0.386754874155979,-2.020223,-1,1.020223,0.628
"783","Senp5","hurdle",0.292630055006296,-1.8203606,-0.5145732,1.3057874,0.628
"280","E130309D02Rik","hurdle",0.292630055006288,-1.8203606,-0.5145732,1.3057874,0.628
"133","BC005624","hurdle",0.386754874155963,-2.020223,-1,1.020223,0.628
"829","Slc9a3r1","hurdle",0.0236921617681117,-1.4590353,0.1375035,1.5965388,0.627
"944","Tph1","hurdle",0.42567433071597,-1.6952964,-0.5145732,1.1807232,0.626
"263","Dgcr8","hurdle",0.35568605453531,-1.7654291,-0.5145732,1.2508559,0.626
"410","Gtf2ird1","hurdle",0.126596001934489,-1.6782833,0.1375035,1.8157868,0.625
"260","Derl2","hurdle",0.40058956422084,-1.7125126,-0.5145732,1.1979394,0.625
"948","Trappc6a","hurdle",0.378295495009672,-1.7299366,-0.5145732,1.2153634,0.624
"742","Rnaseh2b","hurdle",0.345698133211835,-1.7475737,-0.5145732,1.2330005,0.624
"714","Rad54l2","hurdle",0.379740658731105,-1.7299366,-0.5145732,1.2153634,0.624
"690","Prlr","hurdle",0.405943143459103,-1.7125126,-0.5145732,1.1979394,0.624
"262","Dgat2","hurdle",0.344812242621578,-1.7475737,-0.5145732,1.2330005,0.624
"11","2410004B18Rik","hurdle",0.393721283300024,-1.7125126,-0.5145732,1.1979394,0.624
"717","Rap1gds1","hurdle",0.209186683764595,-1.6782833,-0.1520031,1.5262802,0.623
"613","Oaz2","hurdle",0.103782619572904,-1.4445793,-0.1520031,1.2925762,0.623
"199","Clmn","hurdle",0.39537830857262,-1.7125126,-0.5145732,1.1979394,0.623
"92","Arhgef16","hurdle",0.422189720954287,-1.6782833,-0.5145732,1.1637101,0.623
"724","Rcbtb2","hurdle",0.125051085104587,-1.4160948,-0.1520031,1.2640917,0.622
"572","Myo1b","hurdle",0.35013076228241,-1.7299366,-0.5145732,1.2153634,0.622
"452","Itga4","hurdle",0.123592056886966,-1.6448474,0.1375035,1.7823509,0.622
"63","Aldh16a1","hurdle",0.331195353389837,-1.7299366,-0.5145732,1.2153634,0.622
"890","Tbl1x","hurdle",0.390939207784092,-1.6952964,-0.5145732,1.1807232,0.621
"823","Slc44a2","hurdle",0.390939207784103,-1.6952964,-0.5145732,1.1807232,0.621
"805","Ska3","hurdle",0.189973748131861,-1.3743955,-0.1520031,1.2223924,0.621
"587","Ndufaf2","hurdle",0.441101149180283,-1.6614685,-0.5145732,1.1468953,0.621
"313","Erich1","hurdle",0.354339407255287,-1.7125126,-0.5145732,1.1979394,0.621
"1","0610007P14Rik","hurdle",0.439185082846015,-1.6614685,-0.5145732,1.1468953,0.621
"293","Egln2","hurdle",0.453444070367635,-1.6448474,-0.5145732,1.1302742,0.62
"62","Akt1","hurdle",0.273572395655985,-1.3472509,-0.1520031,1.1952478,0.62
"654","Pik3cb","hurdle",0.452498267636771,-1.6284156,-0.5145732,1.1138424,0.619
"343","Fhl2","hurdle",0.177274582662568,-1.5644984,0.1375035,1.7020019,0.619
"246","D2Wsu81e","hurdle",0.413511756793543,-1.6614685,-0.5145732,1.1468953,0.619
"1011","Wrnip1","hurdle",0.432412077710191,-1.6448474,-0.5145732,1.1302742,0.618
"438","Ide","hurdle",0.104753040980784,-1.3743955,-0.1520031,1.2223924,0.618
"111","Atg3","hurdle",0.226313810889235,-1.6121689,-0.1520031,1.4601658,0.618
"400","Gpalpp1","hurdle",0.44856683310057,-1.6284156,-0.5145732,1.1138424,0.617
"185","Chp1","hurdle",0.404842290667378,-1.6448474,-0.5145732,1.1302742,0.617
"977","Ube4a","hurdle",0.425716042591123,-1.6284156,-0.5145732,1.1138424,0.616
"906","Timm50","hurdle",0.245721085241664,-1.5802142,-0.1520031,1.4282111,0.616
"946","Tram1","hurdle",0.217590446229418,-1.3074682,-0.1520031,1.1554651,0.615
"826","Slc7a1","hurdle",0.517602318764286,-1.5183528,-0.5145732,1.0037796,0.615
"529","Med12","hurdle",0.468595362330768,-1.5961031,-0.5145732,1.0815299,0.615
"461","Kat5","hurdle",0.499426299491295,-1.5644984,-0.5145732,1.0499252,0.615
"145","C77080","hurdle",0.429458539348857,-1.6121689,-0.5145732,1.0975957,0.615
"951","Trim41","hurdle",0.448147269389125,-1.5961031,-0.5145732,1.0815299,0.614
"470","Kif1c","hurdle",0.461245336116743,-1.5961031,-0.5145732,1.0815299,0.614
"367","Galnt1","hurdle",0.461245336116743,-1.5961031,-0.5145732,1.0815299,0.614
"345","Fiz1","hurdle",0.448147269389125,-1.5961031,-0.5145732,1.0815299,0.614
"259","Dera","hurdle",0.280984680480506,-1.5335713,-0.1520031,1.3815682,0.614
"7","1700026D08Rik","hurdle",0.430717030028409,-1.6121689,-0.5145732,1.0975957,0.614
"966","Ttc1","hurdle",0.435469395891368,-1.5961031,-0.5145732,1.0815299,0.613
"727","Rere","hurdle",0.464344742854174,-1.5644984,-0.5145732,1.0499252,0.613
"606","Nudt16l1","hurdle",0.396136793264572,-1.6121689,-0.5145732,1.0975957,0.613
"469","Kdm6b","hurdle",0.465559561408023,-1.5802142,-0.5145732,1.065641,0.613
"186","Chrac1","hurdle",0.183790063794868,-1.5802142,-0.1520031,1.4282111,0.613
"921","Tmem160","hurdle",0.0899386509250795,-1.3074682,-0.1520031,1.1554651,0.612
"738","Rian","hurdle",0.129072429554236,-1.1584765,0.1375035,1.29598,0.612
"490","Limd2","hurdle",0.299062704450375,-1.5032932,-0.1520031,1.3512901,0.612
"327","Fam21","hurdle",0.14623685622986,-1.5961031,-0.1520031,1.4441,0.612
"141","Bola1","hurdle",0.147897392201043,-1.281543,-0.1520031,1.1295399,0.612
"59","Akap11","hurdle",0.109824382065092,-1.548952,0.1375035,1.6864555,0.612
"989","Usp14","hurdle",0.487929538214513,-1.548952,-0.5145732,1.0343788,0.611
"535","Mettl7a1","hurdle",0.499633574423711,-1.5335713,-0.5145732,1.0189981,0.611
"174","Cdip1","hurdle",0.203956251765859,-1.548952,-0.1520031,1.3969489,0.611
"84","Arcn1","hurdle",0.377646639252973,-1.5961031,-0.5145732,1.0815299,0.611
"46","Acp2","hurdle",0.438710311727944,-1.5644984,-0.5145732,1.0499252,0.611
"728","Rexo1","hurdle",0.100301117723689,-1.2687531,-0.1520031,1.11675,0.61
"533","Metap1d","hurdle",0.444229568030842,-1.5644984,-0.5145732,1.0499252,0.61
"454","Itm2c","hurdle",0.0908461120659132,-1.5335713,0.1375035,1.6710748,0.61
"888","Tbc1d9b","hurdle",0.380033539643917,-1.5802142,-0.5145732,1.065641,0.609
"820","Slc39a1","hurdle",0.396952476445973,-1.4020607,-0.1520031,1.2500576,0.609
"748","Rnf34","hurdle",0.464512024371836,-1.548952,-0.5145732,1.0343788,0.609
"24","9530082P21Rik","hurdle",0.0149220737219457,-1.2186979,0.1375035,1.3562014,0.609
"709","Pwp2","hurdle",0.50113414304689,-1.5183528,-0.5145732,1.0037796,0.608
"433","Hsd17b12","hurdle",0.369940947107105,-1.4160948,-0.1520031,1.2640917,0.608
"326","Fam195b","hurdle",0.0448973317215971,-1.4302668,0.7655347,2.1958015,0.608
"52","Add1","hurdle",0.175702062246656,-1.2186979,-0.1520031,1.0666948,0.608
"493","LOC101669761","hurdle",0.488360732657374,-1.5183528,-0.5145732,1.0037796,0.607
"175","Cdk16","hurdle",0.48695444515805,-1.5183528,-0.5145732,1.0037796,0.607
"594","Ninj1","hurdle",0.218029226030948,-1.4736376,-0.1520031,1.3216345,0.605
"207","Coa3","hurdle",0.115208748557291,-1.1822643,-0.1520031,1.0302612,0.603
"667","Plk3","hurdle",0.419595942408104,-1.3338677,-0.1520031,1.1818646,0.602
"164","Ccm2","hurdle",0.0349007271228158,-1.0234416,0.3785116,1.4019532,0.601
"41","Abi2","hurdle",0.351778145377041,-1.3607594,-0.1520031,1.2087563,0.601
"565","Mtfr1l","hurdle",0.310530579400696,-1.2560755,0.1375035,1.393579,0.6
"506","Maf1","hurdle",0.387099779872309,-1.3338677,-0.1520031,1.1818646,0.6
"30","Aaas","hurdle",0.0117494782952592,-1.0893798,0.1375035,1.2268833,0.597
"390","Gm5662","hurdle",0.0430585232852846,-3.219928,-1.736966,1.482962,0.596
"681","Ppil2","hurdle",0.229833553334523,-1.2687531,0.1375035,1.4062566,0.595
"104","Arpp21","hurdle",0.347032573925189,-1.3074682,-0.1520031,1.1554651,0.595
"90","Arhgap30","hurdle",0.322590281736047,-1.2944474,-0.1520031,1.1424443,0.592
"375","Gga2","hurdle",0.0538568793178941,-0.9603859,0.1375035,1.0978894,0.59
"256","Def8","hurdle",0.358804445774933,-1.2435084,-0.1520031,1.0915053,0.589
"850","Sox17","hurdle",0.308740391991373,-2.871653,-1,1.871653,0.588
"441","Ier3","hurdle",0.252105348876618,-0.689319,0.3785116,1.0678306,0.588
"342","Fhdc1","hurdle",0.308740391991371,-2.871653,-1,1.871653,0.588
"184","Chn2","hurdle",0.289254496599895,-2.910859,-1,1.910859,0.587
"986","Upf1","hurdle",0.313277814416308,-1.2435084,-0.1520031,1.0915053,0.586
"346","Fkbp11","hurdle",0.273250991990513,-1.2560755,-0.1520031,1.1040724,0.586
"928","Tmem208","hurdle",0.0131186552651157,-0.7771547,0.3785116,1.1556663,0.585
"570","Myo10","hurdle",0.464936732168758,-1.1584765,-0.1520031,1.0064734,0.585
"372","Gclc","hurdle",0.163398206730245,-1.2186979,0.1375035,1.3562014,0.585
"340","Fcgr3","hurdle",0.345936974978929,-2.7963,-1,1.7963,0.585
"268","Dnah10","hurdle",0.303263246984666,-2.871653,-1,1.871653,0.585
"244","Cyp1b1","hurdle",0.351041008827923,-2.910859,-1.736966,1.173893,0.585
"784","Senp6","hurdle",0.445052382123648,-1.1584765,-0.1520031,1.0064734,0.584
"474","Klhdc3","hurdle",0.0703963845039957,-0.7953823,0.3785116,1.1738939,0.584
"72","Ankrd1","hurdle",0.068188900919346,-2.6901714,0.7655347,3.4557061,0.584
"753","Rp2h","hurdle",0.282298669063683,-1.2186979,-0.1520031,1.0666948,0.582
"627","Parm1","hurdle",0.279662111897593,-2.656462,-0.5145732,2.1418888,0.582
"1021","Zfp260","hurdle",0.361900305097514,-2.724687,-1,1.724687,0.581
"859","St3gal1","hurdle",0.406254459629107,-2.760049,-1.736966,1.023083,0.581
"478","Lama4","hurdle",0.41560923835582,-2.833485,-1.736966,1.096519,0.581
"959","Trp63","hurdle",0.446223906005467,-2.7963,-1.736966,1.059334,0.579
"628","Parp6","hurdle",0.446223906005467,-2.7963,-1.736966,1.059334,0.579
"568","Mtr","hurdle",0.446223906005451,-2.7963,-1.736966,1.059334,0.579
"545","Mmaa","hurdle",0.442694931734337,-2.760049,-1.736966,1.023083,0.579
"53","Adk","hurdle",0.194853531862593,-1.1350747,0.1375035,1.2725782,0.579
"955","Triml1","hurdle",0.476993037678973,-2.7963,-1.736966,1.059334,0.578
"732","Rgs3","hurdle",0.377373020775983,-2.656462,-1,1.656462,0.578
"219","Cradd","hurdle",0.377373020775996,-2.656462,-1,1.656462,0.578
"880","Taf7l","hurdle",0.404245826457372,-2.623522,-1,1.623522,0.577
"864","Stk39","hurdle",0.42818296837667,-2.591318,-1,1.591318,0.577
"283","Ech1","hurdle",0.404245826457395,-2.623522,-1,1.623522,0.577
"1012","Xpr1","hurdle",0.382997437746484,-2.623522,-1,1.623522,0.576
"839","Smim19","hurdle",0.411056505349191,-2.591318,-1,1.591318,0.576
"303","Eomes","hurdle",0.505463323776744,-2.760049,-1.736966,1.023083,0.576
"68","Alkbh6","hurdle",0.411056505349186,-2.591318,-1,1.591318,0.576
"898","Tex21","hurdle",0.387358813134348,-2.591318,-1,1.591318,0.575
"854","Srd5a3","hurdle",0.387358813134359,-2.591318,-1,1.591318,0.575
"774","Scpep1","hurdle",0.182218734839781,-1.1120463,0.1375035,1.2495498,0.575
"5","1110058L19Rik","hurdle",0.387358813134337,-2.591318,-1,1.591318,0.575
"302","Entpd7","hurdle",0.392685246246714,-2.528989,-1,1.528989,0.572
"739","Rilpl1","hurdle",0.393830934922613,-2.498806,-1,1.498806,0.57
"701","Ptcd1","hurdle",0.393830934922636,-2.498806,-1,1.498806,0.57
"414","Gyg","hurdle",0.393830934922608,-2.498806,-1,1.498806,0.57
"323","Fam122a","hurdle",0.358323222006559,-2.498806,-1,1.498806,0.569
"301","Eng","hurdle",0.456910318502574,-2.41187,-1,1.41187,0.568
"626","Panx1","hurdle",0.427004426485714,-2.41187,-1,1.41187,0.567
"459","Jmjd7","hurdle",0.393495854258377,-2.440271,-1,1.440271,0.567
"789","Sfmbt1","hurdle",0.426319440980886,-2.384018,-1,1.384018,0.566
"755","Rpgrip1l","hurdle",0.392162858771976,-2.41187,-1,1.41187,0.566
"609","Numb","hurdle",0.512195460979889,-2.329877,-1,1.329877,0.566
"144","Btg1","hurdle",0.392162858771998,-2.41187,-1,1.41187,0.566
"949","Trex1","hurdle",0.457841488917959,-2.356694,-1,1.356694,0.565
"360","Fuk","hurdle",0.424925514675791,-2.356694,-1,1.356694,0.564
"272","Dnm3os","hurdle",0.390143461320047,-2.384018,-1,1.384018,0.564
"840","Smim8","hurdle",0.349630581817835,-2.384018,-1,1.384018,0.563
"804","Six6","hurdle",0.422748316650832,-2.329877,-1,1.329877,0.563
"423","Heatr5a","hurdle",0.38750006342962,-2.356694,-1,1.356694,0.563
"93","Arhgef28","hurdle",0.387500063429609,-2.356694,-1,1.356694,0.563
"658","Pipox","hurdle",0.485600202465723,-2.277694,-1,1.277694,0.562
"615","Ormdl1","hurdle",0.45549001609022,-2.30355,-1,1.30355,0.562
"592","Nfxl1","hurdle",0.48587235147051,-2.277694,-1,1.277694,0.562
"498","Lrrcc1","hurdle",0.485872351470524,-2.277694,-1,1.277694,0.562
"811","Slc1a5","hurdle",0.419987305483184,-2.30355,-1,1.30355,0.561
"3","1110012L19Rik","hurdle",0.453621506349234,-2.277694,-1,1.277694,0.561
"1026","Zfp473","hurdle",0.484238712815039,-2.252294,-1,1.252294,0.56
"1023","Zfp280c","hurdle",0.416652881372348,-2.277694,-1,1.277694,0.56
"546","Mme","hurdle",0.484197363849752,-2.252294,-1,1.252294,0.56
"419","Hbp1","hurdle",0.41774014236483,-2.277694,-1,1.277694,0.56
"286","Ecm2","hurdle",0.380570619693766,-2.30355,-1,1.30355,0.56
"797","Shoc2","hurdle",0.450371378897345,-2.252294,-1,1.252294,0.559
"624","Pafah1b2","hurdle",0.376389844801321,-2.277694,-1,1.277694,0.559
"566","Mtmr7","hurdle",0.376389844801321,-2.277694,-1,1.277694,0.559
"332","Fance","hurdle",0.376389844801316,-2.277694,-1,1.277694,0.559
"312","Ercc4","hurdle",0.482189489812232,-2.227333,-1,1.227333,0.559
"158","Ccdc18","hurdle",0.113864144698439,-2.2776941,-0.5145732,1.7631209,0.559
"808","Slc16a2","hurdle",0.217280123149689,-2.1315969,-0.5145732,1.6170237,0.558
"883","Tbc1d14","hurdle",0.408472815875906,-2.227333,-1,1.227333,0.557
"569","Mvd","hurdle",0.536374726780161,-2.154942,-1,1.154942,0.557
"689","Prkd2","hurdle",0.3668334589324,-2.227333,-1,1.227333,0.556
"679","Ppcdc","hurdle",0.442940323655284,-2.202797,-1,1.202797,0.556
"643","Pde4dip","hurdle",0.366833458932405,-2.227333,-1,1.227333,0.556
"576","N4bp2","hurdle",0.475269443313227,-2.178671,-1,1.178671,0.556
"128","Bach2","hurdle",0.475269443313193,-2.178671,-1,1.178671,0.556
"978","Ubl4","hurdle",0.361543241395991,-2.202797,-1,1.202797,0.554
"782","Sema3e","hurdle",0.502791083336733,-2.131597,-1,1.131597,0.554
"446","Ipcef1","hurdle",0.398593342525436,-2.178671,-1,1.178671,0.554
"980","Ubqln2","hurdle",0.466590263504282,-2.131597,-1,1.131597,0.553
"915","Tmco3","hurdle",0.557997469414306,-2.08601,-1,1.08601,0.553
"531","Med31","hurdle",0.393123318883839,-2.154942,-1,1.154942,0.552
"379","Glb1","hurdle",0.103716054617793,-2.1315969,-0.5145732,1.6170237,0.552
"95","Arid4a","hurdle",0.580422936366805,-2.04182,-1,1.04182,0.552
"66","Alg5","hurdle",0.0166945641689255,-2.178671,-0.1520031,2.0266679,0.552
"1020","Zfp182","hurdle",0.344077140362184,-2.131597,-1,1.131597,0.55
"660","Pitrm1","hurdle",0.0220776516040484,-0.4324046,0.7655347,1.1979393,0.55
"863","Stat3","hurdle",0.419595566001268,-2.08601,-1,1.08601,0.549
"847","Snx18","hurdle",0.153135072496627,-2.0202225,-0.5145732,1.5056493,0.548
"500","Lrrn4","hurdle",0.515453033220609,-2.020223,-1,1.020223,0.548
"49","Acvr2b","hurdle",0.375040292465308,-2.08601,-1,1.08601,0.548
"917","Tmeff1","hurdle",0.104567632439994,-2.0418202,-0.5145732,1.527247,0.547
"884","Tbc1d17","hurdle",0.165229611785095,-1.9779737,-0.5145732,1.4634005,0.547
"756","Rpl10l","hurdle",0.476355690131907,-2.020223,-1,1.020223,0.547
"261","Des","hurdle",0.44431023396823,-2.04182,-1,1.04182,0.547
"285","Eci2","hurdle",0.404084496899528,-2.04182,-1,1.04182,0.546
"695","Prpf3","hurdle",0.397412011849615,-2.020223,-1,1.020223,0.545
"636","Pcnxl3","hurdle",0.361915836426596,-2.04182,-1,1.04182,0.545
"1031","Zmat5","hurdle",0.318242064234188,-2.04182,-1,1.04182,0.544
"18","3110040N11Rik","hurdle",0.318242064234202,-2.04182,-1,1.04182,0.544
"143","Brwd3","hurdle",0.273628355980707,-2.04182,-1,1.04182,0.543
"129","Bad","hurdle",0.0989513676751381,-1.936927,-0.5145732,1.4223538,0.541
"974","Uba3","hurdle",0.0785299713645672,-1.936927,-0.5145732,1.4223538,0.54
"843","Snrk","hurdle",0.0136726519030242,-1.9573044,-0.1520031,1.8053013,0.54
"657","Pip5k1c","hurdle",0.0604133210261478,-1.936927,-0.5145732,1.4223538,0.538
"766","S1pr2","hurdle",0.185927364938477,-1.6614685,-0.5145732,1.1468953,0.531
"416","Harbi1","hurdle",0.054552149083994,-1.8203606,-0.5145732,1.3057874,0.531
"27","A230046K03Rik","hurdle",0.0868168204605312,-1.7299366,-0.5145732,1.2153634,0.528
"614","Orc1","hurdle",0.132279165682952,-1.6782833,-0.5145732,1.1637101,0.527
"348","Fkbp5","hurdle",0.00824930867766326,-1.7125126,-0.1520031,1.5605095,0.524
"760","Rras2","hurdle",0.111793105677702,-1.6121689,-0.5145732,1.0975957,0.522
"720","Rbbp5","hurdle",0.0591409403332339,-1.6284156,-0.5145732,1.1138424,0.519
"511","Mapk8ip3","hurdle",0.0495649110197847,-1.6448474,-0.5145732,1.1302742,0.519
"365","Gak","hurdle",0.0626191246341546,-1.6284156,-0.5145732,1.1138424,0.519
"891","Tcf15","hurdle",0.0968769670440827,-1.0781787,0.3785116,1.4566903,0.514
"749","Rnf5","hurdle",0.0648055671665801,-1.5183528,-0.5145732,1.0037796,0.512
"475","Kmt2b","hurdle",0.0027378404824763,-1.3881618,0.1375035,1.5256653,0.503
